{"type":"FeatureCollection","licence":"Data © OpenStreetMap contributors, ODbL 1.0. https://www.openstreetmap.org/copyright","source":"Overpass API query: area(3600062644); relation[boundary=postal_code](area); out geom; filtered to notes containing Bochum","features":[{"type":"Feature","properties":{"postal_code":"44892","note":"44892 Bochum","osm_id":1702834,"osm_type":"relation","boundary":"postal_code","dataConfidence":"osm-postal-boundary"},"geometry":{"type":"MultiLineString","coordinates":[[[7.2939172,51.4765121],[7.2970623,51.477484],[7.2966122,51.4782095]],[[7.2947306,51.4694184],[7.295815,51.4698215],[7.2958507,51.4698358],[7.2960071,51.4698929],[7.2962007,51.4699648],[7.296235,51.4699505],[7.2963067,51.469917],[7.2963335,51.4699026],[7.2963399,51.4698958],[7.2965037,51.4701419],[7.2964366,51.4702629],[7.2964378,51.4702637],[7.2963456,51.4704344],[7.2963159,51.4704898],[7.2962628,51.4706121],[7.296355,51.4706391],[7.2963096,51.4707051],[7.2962607,51.4707713],[7.2959495,51.4711671],[7.2957566,51.4714941],[7.2956752,51.4715172],[7.2955317,51.4717039],[7.2954404,51.4718219],[7.2953206,51.4719737],[7.2953224,51.4719746],[7.2953085,51.4719915],[7.2954701,51.4720493],[7.2946659,51.4732504],[7.294309,51.4731398],[7.2942912,51.4731584],[7.2942339,51.4732131],[7.2942096,51.4732362],[7.2941289,51.4732136],[7.2933522,51.4741128],[7.2933172,51.4741539],[7.2932807,51.4741425],[7.2932447,51.4741299],[7.2932081,51.4741626],[7.2930416,51.4741157],[7.2930311,51.4741124],[7.2927164,51.4740292],[7.29227,51.473874],[7.2921642,51.4740155],[7.2920802,51.4741259],[7.2919223,51.4743373],[7.2918296,51.474459],[7.2926397,51.4746996],[7.2930132,51.4748098],[7.2935472,51.4749673],[7.2935463,51.4749686],[7.293669,51.4750053],[7.2937511,51.4750308],[7.2938312,51.4750581],[7.2938909,51.4750811],[7.2939462,51.4751064],[7.2940076,51.4751383],[7.2940696,51.4751767],[7.294132,51.4752212],[7.294201,51.4752787],[7.2942252,51.4753037],[7.2942748,51.4753586],[7.2943015,51.4753948],[7.2943276,51.4754384],[7.2943424,51.4754675],[7.2943653,51.4755219],[7.2943787,51.4755711],[7.2943863,51.4756132],[7.2943887,51.4756762],[7.2943834,51.4757426],[7.2943737,51.475789],[7.2943616,51.4758235],[7.2943459,51.4758655],[7.2943224,51.4759122],[7.2942707,51.4759922],[7.294083,51.476248],[7.2940787,51.4762507],[7.2940804,51.4762515],[7.2940636,51.4762727],[7.2940572,51.4762869],[7.294078,51.4762929],[7.2939172,51.4765121]],[[7.2947306,51.4694184],[7.2932109,51.4708258],[7.2921394,51.4702496],[7.2930574,51.4683617]],[[7.2919317,51.4677817],[7.2919038,51.4678582],[7.2918424,51.4679982],[7.2929653,51.4683356],[7.2929856,51.4683391],[7.2930574,51.4683617]],[[7.2919317,51.4677817],[7.2919057,51.4677923],[7.2914973,51.4679125],[7.2910929,51.4680288],[7.2895273,51.4684642],[7.2893657,51.4685111],[7.2892455,51.4685511],[7.289179,51.4685932]],[[7.2877122,51.4668234],[7.289179,51.4685932]],[[7.2883408,51.4634017],[7.2883023,51.4639436],[7.2881335,51.4653807],[7.2877122,51.4668234]],[[7.2890401,51.4558585],[7.2888094,51.4567343],[7.288686,51.457356],[7.2885197,51.4586295],[7.2884446,51.4602505],[7.2883749,51.4626804],[7.2883408,51.4634017]],[[7.289711,51.4544383],[7.2892868,51.4551432],[7.2890401,51.4558585]],[[7.2993345,51.4557458],[7.2983617,51.4563689],[7.2976107,51.4563656],[7.2975068,51.4565056],[7.2970956,51.4565548],[7.2970409,51.4566473],[7.2968142,51.4566774],[7.2967187,51.4567388],[7.2964588,51.4567267],[7.2963243,51.4567204],[7.2962176,51.4567155],[7.2958601,51.4566988],[7.293547,51.4561908],[7.2934638,51.4560127],[7.2933083,51.4557624],[7.2929945,51.4554993],[7.2927906,51.4553706],[7.2925626,51.4552553],[7.2923615,51.4550313],[7.2922461,51.4548157],[7.2921531,51.4547662],[7.2908573,51.4546253],[7.2903557,51.4545429],[7.289711,51.4544383]],[[7.299318,51.4557238],[7.2993345,51.4557458]],[[7.3190951,51.4566366],[7.3169122,51.4569163],[7.3164104,51.4569532],[7.3144957,51.455884],[7.3113335,51.4550217],[7.3109912,51.4549061],[7.3104878,51.4547121],[7.3102224,51.4546944],[7.3101189,51.4546959],[7.3098644,51.4546299],[7.3093838,51.4544748],[7.3093747,51.45426],[7.3088603,51.4542639],[7.3083085,51.4542628],[7.3079597,51.4542476],[7.3076323,51.4541863],[7.3069937,51.454115],[7.3066749,51.4541089],[7.3060456,51.45422],[7.3056189,51.4542373],[7.3053336,51.4542691],[7.304722,51.4544442],[7.3043495,51.4546749],[7.3042686,51.4547025],[7.3041574,51.4547255],[7.3039838,51.4547883],[7.3039384,51.4548254],[7.3038297,51.4549142],[7.3036074,51.4549571],[7.3033947,51.4551552],[7.303258,51.4552453],[7.3030897,51.4552634],[7.3025619,51.4555768],[7.3025102,51.4556291],[7.3022011,51.4559459],[7.3003852,51.4555508],[7.3003932,51.4555172],[7.3003982,51.4554965],[7.3003103,51.4555123],[7.300279,51.4554949],[7.300255,51.4554455],[7.3002302,51.4554353],[7.3001804,51.4554463],[7.3000696,51.4554869],[7.3000236,51.455493],[7.2999645,51.4554888],[7.2999285,51.4554724],[7.2999009,51.4554514],[7.299857,51.4554419],[7.2998176,51.4554615],[7.2998338,51.4555094],[7.299881,51.4555506],[7.2998852,51.4555916],[7.299833,51.4555954],[7.2997272,51.4555791],[7.2996638,51.455585],[7.2996274,51.4556102],[7.2995496,51.4556333],[7.2995235,51.4556329],[7.299452,51.455617],[7.2993976,51.4556368],[7.2993375,51.4557157],[7.299318,51.4557238]],[[7.3420393,51.4569652],[7.3409876,51.4573266],[7.3404205,51.4577003],[7.3386777,51.4575805],[7.338625,51.4578013],[7.3365717,51.4576563],[7.3320421,51.4565925],[7.3318194,51.4567845],[7.331519,51.4567649],[7.3311835,51.4570243],[7.3308899,51.4569536],[7.3300465,51.4565523],[7.3296083,51.4568288],[7.3291942,51.4565701],[7.3292942,51.4565015],[7.3291401,51.4564056],[7.3291692,51.4563833],[7.3289053,51.4562179],[7.3283495,51.4565851],[7.3282463,51.4566519],[7.3281675,51.4567001],[7.327982,51.4568269],[7.3274517,51.4565498],[7.3262268,51.4558954],[7.3259482,51.4562306],[7.3258983,51.4562308],[7.3258301,51.4562535],[7.3257576,51.4562598],[7.3257067,51.4562733],[7.3256825,51.4563268],[7.3251768,51.4566743],[7.3250431,51.4568371],[7.3249396,51.4570859],[7.3244188,51.4571327],[7.3243744,51.4571094],[7.324402,51.4567067],[7.3194657,51.4565891],[7.3190951,51.4566366]],[[7.3430791,51.4584238],[7.3431742,51.4583865],[7.3431209,51.4581901],[7.3425605,51.4576226],[7.3423175,51.4574052],[7.3421774,51.45734],[7.3421411,51.4572798],[7.3421013,51.4570942],[7.3420393,51.4569652]],[[7.3435714,51.4586585],[7.3433479,51.4584203],[7.3430908,51.4584424],[7.3430791,51.4584238]],[[7.3452755,51.460688],[7.3449522,51.4602598],[7.344329,51.4596042],[7.3439691,51.4591599],[7.3435714,51.4586585]],[[7.345382,51.460903],[7.3453695,51.4610329],[7.3452782,51.4610335],[7.345209,51.4608107],[7.3452755,51.460688]],[[7.3474536,51.4632795],[7.3473515,51.4631567],[7.3473761,51.4631483],[7.3471446,51.4628673],[7.3469219,51.4625843],[7.3464363,51.4620271],[7.345594,51.4611153],[7.3455229,51.4610721],[7.345382,51.460903]],[[7.3491656,51.4658594],[7.3490727,51.4656495],[7.3489638,51.4653537],[7.3488852,51.4649517],[7.348641,51.4646672],[7.3483576,51.4645962],[7.3482381,51.4645282],[7.3480689,51.464318],[7.3480219,51.4642169],[7.3479891,51.4641003],[7.3476302,51.4640006],[7.3472813,51.4638357],[7.3473316,51.4637509],[7.3473901,51.463351],[7.3474536,51.4632795]],[[7.3492459,51.466012],[7.3492066,51.4659394],[7.3491656,51.4658594]],[[7.3492459,51.466012],[7.3491547,51.4663862],[7.349142,51.4665373],[7.3491173,51.4666788],[7.3490967,51.466747],[7.349106,51.4668387],[7.3490439,51.4669692],[7.3490647,51.4672268],[7.3491204,51.4675417],[7.3491933,51.4677498],[7.3492623,51.4679095],[7.3493267,51.4680755],[7.3493347,51.4681923],[7.349316,51.4683608],[7.3493185,51.4686913],[7.3491438,51.4689679],[7.3491386,51.4690149],[7.3490965,51.4690984],[7.349028,51.4692879],[7.3489055,51.4697335],[7.3488612,51.4698578],[7.348787,51.4701676],[7.3487137,51.4704152],[7.3485889,51.4707847],[7.3484316,51.4710449],[7.3483391,51.471213],[7.3482357,51.4719311],[7.3481904,51.4719559],[7.348182,51.4721502],[7.3481695,51.4721714],[7.3481524,51.4721854],[7.3481555,51.4724097],[7.3481771,51.4724044],[7.3482007,51.4723933],[7.3482522,51.4724226],[7.3483094,51.4725209],[7.3486324,51.4728706],[7.3486518,51.4729366],[7.3485651,51.4732],[7.3485906,51.473322],[7.3485194,51.4735006],[7.3484012,51.4737052],[7.3483041,51.4739822],[7.3481993,51.474191],[7.3482146,51.4742935],[7.3481243,51.4744744],[7.3481633,51.4744865],[7.3481635,51.4745221],[7.3478165,51.4749282],[7.3473876,51.4750941],[7.3471472,51.4750216],[7.3468969,51.4756414],[7.3472724,51.4757236],[7.3473192,51.4756535],[7.3491147,51.4761609],[7.3466459,51.4801802]],[[7.3466459,51.4801802],[7.3464367,51.4805208]],[[7.3464367,51.4805208],[7.3471858,51.4807819],[7.3469115,51.4810982],[7.3468364,51.4811882],[7.3467666,51.4812705],[7.3467569,51.4812818],[7.346728,51.4813128],[7.3465526,51.4814167],[7.3469774,51.4817399],[7.3470569,51.4816257],[7.3476123,51.481812],[7.3474379,51.4820192],[7.3481734,51.482647]],[[7.3407325,51.485811],[7.3409525,51.4855999],[7.3411215,51.4854739],[7.3413364,51.4853044],[7.3416564,51.484894],[7.3418254,51.484692],[7.3421223,51.484337],[7.3420127,51.4842204],[7.3423013,51.4837461],[7.3423694,51.4836272],[7.3425181,51.4835034],[7.3428212,51.4834411],[7.3432034,51.4833732],[7.3436068,51.483586],[7.344118,51.4838411],[7.3443471,51.4839511],[7.3444973,51.4840349],[7.344584,51.4840803],[7.3447231,51.4839306],[7.3448603,51.483789],[7.3459413,51.4839818],[7.3462185,51.4840459],[7.3471483,51.4841961],[7.3475236,51.4843123],[7.3477315,51.4840851],[7.3479075,51.4839243],[7.3478755,51.4837881],[7.3478215,51.4834021],[7.3478287,51.4833331],[7.3476675,51.4831432],[7.3476344,51.4830697],[7.3477382,51.4830453],[7.3480796,51.4831546],[7.3484274,51.4828042],[7.3481734,51.482647]],[[7.3407325,51.485811],[7.3351061,51.4827477]],[[7.3332548,51.4818175],[7.3347136,51.4810728],[7.3360533,51.4814157],[7.3370104,51.4811927],[7.3378171,51.481519],[7.3379717,51.482121],[7.3375073,51.4825972],[7.3367011,51.4826283],[7.3361133,51.4826412],[7.3352229,51.4826574],[7.3351645,51.4826995],[7.3351061,51.4827477]],[[7.3332548,51.4818175],[7.332157,51.4812549],[7.3313989,51.480955]],[[7.3313989,51.480955],[7.3287453,51.4799051],[7.32381,51.478689],[7.3196146,51.4784735]],[[7.3196146,51.4784735],[7.3175658,51.4783683],[7.3117079,51.4787425],[7.307389,51.4783706],[7.3065151,51.4781912],[7.3062689,51.4781823],[7.3056789,51.4781862],[7.3050289,51.4782361],[7.3039052,51.478417],[7.3030417,51.4785936],[7.3026914,51.478714]],[[7.2977172,51.4795032],[7.2977215,51.4795282],[7.2980238,51.4794823],[7.2982743,51.4794672],[7.298561,51.4794122],[7.2985592,51.4794081],[7.298998,51.4793372],[7.2995605,51.4792454],[7.3006168,51.4790723],[7.3009768,51.4791434],[7.3010273,51.4790918],[7.3010784,51.479055],[7.3011281,51.479026],[7.301178,51.4790013],[7.301218,51.4789868],[7.3012779,51.4789685],[7.3013255,51.4789576],[7.3014215,51.4789389],[7.3018249,51.4788607],[7.3022326,51.4787795],[7.3026386,51.4787111],[7.3026914,51.478714]],[[7.2966122,51.4782095],[7.2966928,51.4782588],[7.2966941,51.4782588],[7.2967536,51.4782947],[7.2974316,51.4782095],[7.2977172,51.4795032]]]}},{"type":"Feature","properties":{"postal_code":"44894","note":"44894 Bochum","osm_id":1992223,"osm_type":"relation","boundary":"postal_code","dataConfidence":"osm-postal-boundary"},"geometry":{"type":"MultiLineString","coordinates":[[[7.2939172,51.4765121],[7.2970623,51.477484],[7.2966122,51.4782095]],[[7.2947306,51.4694184],[7.295815,51.4698215],[7.2958507,51.4698358],[7.2960071,51.4698929],[7.2962007,51.4699648],[7.296235,51.4699505],[7.2963067,51.469917],[7.2963335,51.4699026],[7.2963399,51.4698958],[7.2965037,51.4701419],[7.2964366,51.4702629],[7.2964378,51.4702637],[7.2963456,51.4704344],[7.2963159,51.4704898],[7.2962628,51.4706121],[7.296355,51.4706391],[7.2963096,51.4707051],[7.2962607,51.4707713],[7.2959495,51.4711671],[7.2957566,51.4714941],[7.2956752,51.4715172],[7.2955317,51.4717039],[7.2954404,51.4718219],[7.2953206,51.4719737],[7.2953224,51.4719746],[7.2953085,51.4719915],[7.2954701,51.4720493],[7.2946659,51.4732504],[7.294309,51.4731398],[7.2942912,51.4731584],[7.2942339,51.4732131],[7.2942096,51.4732362],[7.2941289,51.4732136],[7.2933522,51.4741128],[7.2933172,51.4741539],[7.2932807,51.4741425],[7.2932447,51.4741299],[7.2932081,51.4741626],[7.2930416,51.4741157],[7.2930311,51.4741124],[7.2927164,51.4740292],[7.29227,51.473874],[7.2921642,51.4740155],[7.2920802,51.4741259],[7.2919223,51.4743373],[7.2918296,51.474459],[7.2926397,51.4746996],[7.2930132,51.4748098],[7.2935472,51.4749673],[7.2935463,51.4749686],[7.293669,51.4750053],[7.2937511,51.4750308],[7.2938312,51.4750581],[7.2938909,51.4750811],[7.2939462,51.4751064],[7.2940076,51.4751383],[7.2940696,51.4751767],[7.294132,51.4752212],[7.294201,51.4752787],[7.2942252,51.4753037],[7.2942748,51.4753586],[7.2943015,51.4753948],[7.2943276,51.4754384],[7.2943424,51.4754675],[7.2943653,51.4755219],[7.2943787,51.4755711],[7.2943863,51.4756132],[7.2943887,51.4756762],[7.2943834,51.4757426],[7.2943737,51.475789],[7.2943616,51.4758235],[7.2943459,51.4758655],[7.2943224,51.4759122],[7.2942707,51.4759922],[7.294083,51.476248],[7.2940787,51.4762507],[7.2940804,51.4762515],[7.2940636,51.4762727],[7.2940572,51.4762869],[7.294078,51.4762929],[7.2939172,51.4765121]],[[7.2947306,51.4694184],[7.2932109,51.4708258],[7.2921394,51.4702496],[7.2930574,51.4683617]],[[7.2919317,51.4677817],[7.2919038,51.4678582],[7.2918424,51.4679982],[7.2929653,51.4683356],[7.2929856,51.4683391],[7.2930574,51.4683617]],[[7.2919317,51.4677817],[7.2919057,51.4677923],[7.2914973,51.4679125],[7.2910929,51.4680288],[7.2895273,51.4684642],[7.2893657,51.4685111],[7.2892455,51.4685511],[7.289179,51.4685932]],[[7.289179,51.4685932],[7.2891523,51.4686177],[7.2891342,51.4686337],[7.2890968,51.468674],[7.2890773,51.468732],[7.2890684,51.4687904],[7.2890886,51.4688693],[7.2891296,51.4689818],[7.2891599,51.4690591],[7.2892206,51.4692119],[7.2892268,51.4692353],[7.2892398,51.4693036],[7.2892359,51.4693901],[7.2892254,51.469449],[7.2891096,51.4700746],[7.2890525,51.4703714],[7.2890272,51.4704647],[7.2889937,51.470546],[7.2889317,51.4706593],[7.2889091,51.4706903],[7.2889104,51.4706915],[7.2888862,51.4707267],[7.2887443,51.4709381],[7.2887388,51.4709444],[7.288506,51.4712792],[7.2884908,51.4713018],[7.2884381,51.4713688],[7.2883807,51.4714337],[7.2883164,51.4714983],[7.2882608,51.4715476],[7.2882328,51.4715742],[7.288135,51.4716572],[7.2880885,51.471695],[7.2879493,51.4718011],[7.2878335,51.4718862],[7.2878049,51.4719046],[7.2877821,51.4719144],[7.2877698,51.4719183],[7.2876122,51.4719521],[7.2875741,51.4719689],[7.2875638,51.4719769],[7.2875287,51.4720127],[7.287508,51.4720378],[7.2874701,51.4720779],[7.2874458,51.4721135],[7.2874203,51.4721644],[7.2873903,51.4722499],[7.2873864,51.472269],[7.2873817,51.4722928],[7.2873788,51.4723113],[7.2873749,51.4723486],[7.2874772,51.472863],[7.2875164,51.4730535],[7.2875211,51.4731066],[7.2875158,51.4731519],[7.2875117,51.4731642],[7.2874956,51.4732006],[7.2874041,51.4733589]],[[7.2849464,51.4757109],[7.2868941,51.4760504],[7.288669,51.4736025],[7.2873883,51.4733905],[7.2874041,51.4733589]],[[7.2849464,51.4757109],[7.2841796,51.4760351],[7.282947,51.4768382],[7.2821005,51.4774448],[7.282017,51.4775958],[7.2820622,51.4790748],[7.2800737,51.4782567]],[[7.2800737,51.4782567],[7.2797546,51.4781254]],[[7.2797546,51.4781254],[7.2795329,51.4785935],[7.2782998,51.4781611],[7.2778543,51.4796389],[7.278422,51.4801677],[7.2785315,51.4810694]],[[7.2785315,51.4810694],[7.2782701,51.4819639]],[[7.2782701,51.4819639],[7.2785648,51.4819748],[7.2785772,51.4820057],[7.278586,51.4819756],[7.2788279,51.4819715],[7.2788378,51.4818822],[7.2791499,51.4818442],[7.2794045,51.4818108]],[[7.2794045,51.4818108],[7.2792596,51.4828247],[7.2793217,51.4830636]],[[7.2823864,51.4872313],[7.2822019,51.4865428],[7.2837175,51.4859264],[7.2798822,51.4837055],[7.2793217,51.4830636]],[[7.286858,51.4862605],[7.2850199,51.4868176],[7.2838219,51.4870384],[7.2830784,51.4870727],[7.2823864,51.4872313]],[[7.286858,51.4862605],[7.2880723,51.4869444],[7.2875278,51.4875175],[7.2885291,51.4879803],[7.2892978,51.4883499],[7.2891489,51.4885047],[7.2898672,51.4888475],[7.2897587,51.488842],[7.2894644,51.4888657],[7.2890544,51.4888945],[7.2889114,51.4890178],[7.2892368,51.4891653],[7.289352,51.4892433],[7.2894331,51.4893227],[7.2894944,51.4894929],[7.2897146,51.4896121],[7.289735,51.4896668],[7.2899027,51.4897636],[7.2899067,51.4898158],[7.2900614,51.4899813],[7.2900764,51.4900305],[7.2900593,51.4901512],[7.2900979,51.4901941],[7.2901919,51.4902613],[7.2903422,51.4903387],[7.2903494,51.4903721],[7.2904005,51.4903918],[7.2904359,51.4904353],[7.2903575,51.4904892],[7.2903504,51.4905212],[7.2903749,51.4905645],[7.2903868,51.4905742],[7.2905757,51.4906411],[7.2906283,51.490672],[7.2907195,51.4907084],[7.290852,51.4908061],[7.2912077,51.4910391],[7.2912663,51.4910862],[7.2913126,51.4911418],[7.2913304,51.491188],[7.2913392,51.4912742],[7.2913167,51.4915377],[7.2913187,51.4916083],[7.2913869,51.4916947],[7.2917675,51.4920796],[7.2918148,51.492123],[7.2918348,51.4921672],[7.2918565,51.4922745],[7.2918776,51.4923182],[7.2919335,51.4923914],[7.2919897,51.4924639],[7.2920254,51.492502],[7.2921974,51.4926688],[7.2922537,51.4926364],[7.2924122,51.4925687],[7.2926182,51.4927414],[7.292769,51.4928912],[7.2949541,51.4943943],[7.2956548,51.4948856],[7.2955519,51.4949041],[7.2977861,51.4963953],[7.2977565,51.4964042],[7.2975717,51.496407],[7.2981289,51.4967751]],[[7.2981289,51.4967751],[7.2980079,51.4967769]],[[7.2980079,51.4967769],[7.2980855,51.4968217],[7.3008337,51.4986858],[7.3009074,51.499005],[7.3009891,51.4992842],[7.3014733,51.5005123],[7.3025882,51.5014774],[7.3031343,51.5017683],[7.3033063,51.5019126],[7.3029737,51.5024273],[7.3035803,51.5030904],[7.3040942,51.5031199],[7.3039896,51.5042956]],[[7.3039896,51.5042956],[7.3040934,51.5043088],[7.3054768,51.5044637],[7.3057547,51.5044827],[7.3062156,51.5044747],[7.3065108,51.5044553],[7.3066678,51.5044525],[7.3072177,51.5044291],[7.3077806,51.5044122],[7.3083175,51.5044063],[7.3083921,51.504452],[7.3088663,51.5042019],[7.3090787,51.504123],[7.3092915,51.5041101],[7.3096848,51.5041282],[7.309963,51.5041271],[7.3108954,51.5041631],[7.3120578,51.5042249],[7.3123572,51.5042232],[7.3134454,51.5042093],[7.3134985,51.5042115],[7.3137104,51.5042399],[7.3138086,51.5042682],[7.313862,51.5042896],[7.3139184,51.5043173],[7.3143018,51.5045596],[7.3145784,51.5047294],[7.3147125,51.5048071],[7.3148172,51.5048466],[7.3148045,51.5049444],[7.3149902,51.5050243],[7.3150142,51.5051063],[7.3150064,51.5051536],[7.3150055,51.5051639],[7.3150878,51.5051836],[7.3152869,51.5053501],[7.3154145,51.5054618],[7.3154158,51.5054919],[7.3154177,51.5055548],[7.3152649,51.5055711],[7.3152397,51.5055859],[7.3151891,51.5057312],[7.3151794,51.5058293],[7.3155009,51.5058219],[7.3156984,51.505862],[7.3158841,51.5058593],[7.3160253,51.5059808],[7.3166941,51.5059973],[7.3171986,51.5060169],[7.3172546,51.5060296]],[[7.3172546,51.5060296],[7.3174343,51.5054553],[7.3174567,51.5053923],[7.3175523,51.5051021],[7.3176348,51.5048552],[7.3176052,51.5046007],[7.3175929,51.5044889],[7.3177052,51.5039569],[7.3177585,51.5037288],[7.3177914,51.5035993],[7.3178037,51.5034913],[7.3178962,51.5032247],[7.3193789,51.5000362],[7.3192863,51.5000376],[7.3193227,51.4997747],[7.319259,51.4996312],[7.3190135,51.4995301],[7.3187721,51.4995327],[7.3186164,51.4994465],[7.3184689,51.4993939],[7.3183478,51.4993279],[7.318856,51.4990503],[7.3185559,51.4989861],[7.3183763,51.4989439],[7.3182416,51.4988926],[7.3178977,51.4987879],[7.3175594,51.4986529],[7.3170246,51.4985077],[7.3167343,51.4984291],[7.3164837,51.4983797],[7.3162671,51.4983269],[7.3162528,51.4982378],[7.3167034,51.4973369],[7.3160143,51.4971584],[7.3160017,51.4969853],[7.3159759,51.4968137],[7.3159155,51.4966336],[7.3158193,51.4964559],[7.3158042,51.4964362],[7.3162235,51.4963069]],[[7.3162235,51.4963069],[7.3163732,51.4960106],[7.3163998,51.4959797],[7.3164305,51.4959191],[7.3164889,51.4958122]],[[7.3164889,51.4958122],[7.3165976,51.4956103],[7.317104,51.4946634],[7.3170823,51.4946281],[7.3172434,51.4942051],[7.3172893,51.4940889],[7.3173001,51.4940577],[7.3173326,51.4939701],[7.3173447,51.4939423],[7.3173526,51.4939182]],[[7.3173526,51.4939182],[7.3190496,51.4941021],[7.3195034,51.4941507],[7.3208715,51.4944008],[7.3210144,51.4944211],[7.3220102,51.494493],[7.3221969,51.4945272],[7.322363,51.4945648],[7.3224085,51.4944652],[7.3224795,51.494479],[7.3224492,51.4943603],[7.322513,51.4940675],[7.3232886,51.492739],[7.3230106,51.4926679],[7.3232648,51.4904718],[7.3231251,51.4904743],[7.3229326,51.490465],[7.3234317,51.4891843]],[[7.3234317,51.4891843],[7.3235273,51.4889387],[7.3237634,51.4889918],[7.3236154,51.4895814],[7.3246086,51.489717],[7.3248992,51.4897542],[7.3250089,51.489778],[7.3250934,51.4895391],[7.3251768,51.4894925],[7.3252329,51.4892032],[7.3252491,51.4891203],[7.3268114,51.4891354],[7.3268762,51.4894786],[7.3270533,51.4894616],[7.3273505,51.4901011],[7.3278292,51.4900369],[7.3278279,51.4900603],[7.3282136,51.4900032],[7.3283987,51.4905436],[7.3286826,51.4912762],[7.3292209,51.4920375],[7.3294293,51.4923216],[7.3293673,51.4923091],[7.3297566,51.4930024],[7.3297888,51.4930598],[7.3314814,51.4931249],[7.3315565,51.4931278],[7.3314999,51.4935756],[7.3313795,51.4945299],[7.3313727,51.4945832],[7.3313472,51.4945831],[7.3312393,51.4945829],[7.3305192,51.4945814],[7.3304915,51.4950021],[7.3304717,51.4951128],[7.3304715,51.4953015],[7.3305944,51.4953825],[7.3306561,51.4954224],[7.330551,51.4964819],[7.331414,51.4965163],[7.3340656,51.4965279],[7.3342113,51.4963274],[7.3342135,51.4959647],[7.3342211,51.4956884],[7.3348093,51.49572],[7.3348694,51.4957214],[7.3353037,51.4957704],[7.3354815,51.4958254]],[[7.3354815,51.4958254],[7.3358236,51.4960196],[7.3359479,51.4959177],[7.3359758,51.4959394],[7.3360607,51.4959919],[7.3361079,51.4960149],[7.3361471,51.4960363],[7.3361843,51.4960517],[7.3362299,51.4960704],[7.3365617,51.4957946],[7.3367457,51.4956587],[7.3369151,51.4955431],[7.3376296,51.4959977],[7.3389694,51.4954436],[7.3391944,51.4953887],[7.3396021,51.4953636],[7.3403929,51.4953269],[7.3400245,51.494287],[7.340019,51.4942702]],[[7.340019,51.4942702],[7.3399147,51.4939686],[7.3396982,51.4932372],[7.3428752,51.493138],[7.3426312,51.4917112],[7.3427252,51.4917682],[7.3435411,51.4915392],[7.3437251,51.4914822],[7.3437011,51.4913642],[7.3436301,51.491201],[7.3435194,51.4908028],[7.3435281,51.4905363],[7.3435223,51.4905121],[7.3435051,51.4904403],[7.3428949,51.4901444],[7.3424633,51.4886705],[7.3415734,51.4888425],[7.3412975,51.4888955],[7.3411005,51.4879306],[7.3410615,51.4875527],[7.3409095,51.4874917],[7.3408375,51.4874657],[7.3407565,51.4874767],[7.3405406,51.4873737],[7.3404486,51.4873317],[7.3404426,51.4872207],[7.3404416,51.4871407],[7.3404216,51.4868857],[7.3403041,51.4867173],[7.3403906,51.4866528],[7.3403596,51.4865768],[7.3403186,51.4864768],[7.3402412,51.4863553],[7.3402276,51.4862138],[7.3402866,51.4860808],[7.3403556,51.4859968],[7.3404436,51.4859428],[7.3407325,51.485811]],[[7.3407325,51.485811],[7.3351061,51.4827477]],[[7.3332548,51.4818175],[7.3347136,51.4810728],[7.3360533,51.4814157],[7.3370104,51.4811927],[7.3378171,51.481519],[7.3379717,51.482121],[7.3375073,51.4825972],[7.3367011,51.4826283],[7.3361133,51.4826412],[7.3352229,51.4826574],[7.3351645,51.4826995],[7.3351061,51.4827477]],[[7.3332548,51.4818175],[7.332157,51.4812549],[7.3313989,51.480955]],[[7.3313989,51.480955],[7.3287453,51.4799051],[7.32381,51.478689],[7.3196146,51.4784735]],[[7.3196146,51.4784735],[7.3175658,51.4783683],[7.3117079,51.4787425],[7.307389,51.4783706],[7.3065151,51.4781912],[7.3062689,51.4781823],[7.3056789,51.4781862],[7.3050289,51.4782361],[7.3039052,51.478417],[7.3030417,51.4785936],[7.3026914,51.478714]],[[7.2977172,51.4795032],[7.2977215,51.4795282],[7.2980238,51.4794823],[7.2982743,51.4794672],[7.298561,51.4794122],[7.2985592,51.4794081],[7.298998,51.4793372],[7.2995605,51.4792454],[7.3006168,51.4790723],[7.3009768,51.4791434],[7.3010273,51.4790918],[7.3010784,51.479055],[7.3011281,51.479026],[7.301178,51.4790013],[7.301218,51.4789868],[7.3012779,51.4789685],[7.3013255,51.4789576],[7.3014215,51.4789389],[7.3018249,51.4788607],[7.3022326,51.4787795],[7.3026386,51.4787111],[7.3026914,51.478714]],[[7.2966122,51.4782095],[7.2966928,51.4782588],[7.2966941,51.4782588],[7.2967536,51.4782947],[7.2974316,51.4782095],[7.2977172,51.4795032]]]}},{"type":"Feature","properties":{"postal_code":"44805","note":"44805 Bochum","osm_id":2024269,"osm_type":"relation","boundary":"postal_code","dataConfidence":"osm-postal-boundary"},"geometry":{"type":"MultiLineString","coordinates":[[[7.242673,51.5090441],[7.2426542,51.508637],[7.2427364,51.5083023],[7.2431854,51.5079192],[7.2432988,51.5078977],[7.2435631,51.5077775],[7.2441265,51.5076663],[7.2441959,51.5076507],[7.2442161,51.5076463],[7.2442248,51.5076436],[7.2443093,51.5076118],[7.2442646,51.5075808],[7.24441,51.5073916],[7.2445876,51.5073539]],[[7.242673,51.5090441],[7.245044,51.5088615]],[[7.245044,51.5088615],[7.2453566,51.5093533],[7.2455216,51.5095984],[7.245588,51.5096185],[7.2455198,51.5096702],[7.2454269,51.5096678],[7.245285,51.5096814],[7.2450868,51.5097187],[7.2448615,51.5097727],[7.2444421,51.5098863],[7.2439712,51.50997],[7.2439768,51.5099771],[7.2435851,51.5100867],[7.2442315,51.5104899],[7.2444695,51.5106372],[7.2445661,51.5107131],[7.244905,51.5109399]],[[7.244905,51.5109399],[7.24477,51.5112846],[7.2451881,51.5117122],[7.2458474,51.5116068]],[[7.2458474,51.5116068],[7.2462257,51.5119093],[7.246335,51.5120002],[7.2466812,51.5123189],[7.2467688,51.5123803],[7.2469558,51.5125021],[7.2471807,51.5126757],[7.2475417,51.5129629],[7.2481702,51.5134494]],[[7.2481702,51.5134494],[7.2483951,51.5136228],[7.2489327,51.5133719],[7.2488114,51.5132676]],[[7.2488114,51.5132676],[7.2489761,51.5131853],[7.2492902,51.5130249]],[[7.2492902,51.5130249],[7.2498272,51.5134328],[7.2508371,51.5128039],[7.2506044,51.5126495],[7.2508555,51.5125019]],[[7.2508555,51.5125019],[7.2512274,51.5127859],[7.251393,51.5128932]],[[7.251393,51.5128932],[7.2513581,51.5128924],[7.251338,51.512897],[7.2513172,51.5129087],[7.2512227,51.513013],[7.2513883,51.5130823],[7.251403,51.5131549],[7.2516612,51.5132037],[7.251688,51.5131482],[7.2521658,51.5132477]],[[7.2521658,51.5132477],[7.2521549,51.5132701],[7.252317,51.5133079],[7.252036,51.5137404],[7.2515399,51.5144363]],[[7.2515399,51.5144363],[7.2517296,51.5145364],[7.251768,51.5145959],[7.2517871,51.5146261],[7.2518404,51.5147085],[7.2519049,51.5148068],[7.2516838,51.5155074],[7.2516136,51.5158085],[7.2509082,51.515715],[7.2502156,51.5153239]],[[7.2502156,51.5153239],[7.2501588,51.5159222],[7.2500458,51.516439],[7.2499901,51.5168771],[7.2499895,51.5171813],[7.2500409,51.5176478],[7.2501119,51.5181469],[7.2503831,51.5194479],[7.2504126,51.519507]],[[7.2504126,51.519507],[7.249776,51.5194433],[7.2484345,51.5215708],[7.2479962,51.5217373]],[[7.2479962,51.5217373],[7.2480495,51.5217763],[7.2481879,51.5219562],[7.2482824,51.5220903],[7.2484692,51.5225186],[7.2485027,51.5225856],[7.2485837,51.5228329],[7.2486126,51.5229213]],[[7.2486126,51.5229213],[7.2486253,51.5229612],[7.2485928,51.522992],[7.2483817,51.5234429],[7.2482781,51.5235708]],[[7.2482781,51.5235708],[7.2483939,51.5236187],[7.2497473,51.5242646],[7.2497778,51.5242881]],[[7.2497778,51.5242881],[7.2498206,51.5242165],[7.2499827,51.5239448],[7.2501358,51.5236877],[7.2503243,51.5233719],[7.2504426,51.5232014],[7.2505816,51.5230944],[7.2507824,51.5230217],[7.2514016,51.5228716],[7.2516174,51.5228895],[7.2516801,51.5228751],[7.2517292,51.5228417],[7.2517812,51.5227842],[7.2520665,51.5224783],[7.2521611,51.5222644],[7.2525376,51.5220466],[7.2525588,51.5220278],[7.252643,51.521957],[7.2526454,51.5219434],[7.2526724,51.5218877],[7.252685,51.5218507],[7.2526673,51.5217539],[7.2525507,51.5215748],[7.2524499,51.5212996],[7.2524188,51.5212673],[7.2521904,51.5210288],[7.2522171,51.5206097],[7.2522736,51.5201242],[7.2523437,51.5200041],[7.2525118,51.5200087],[7.2528062,51.5199513],[7.2533264,51.5199356],[7.2536001,51.5199342],[7.2538368,51.5199229],[7.2540916,51.5198744],[7.2550351,51.5198816],[7.2552242,51.5199558],[7.2554518,51.5200243],[7.2555214,51.520265],[7.2555191,51.5204929],[7.255427,51.5208466],[7.2552891,51.5212423],[7.2552908,51.5213924],[7.2551314,51.5214043],[7.2547724,51.5213931],[7.2549063,51.5219807],[7.2548943,51.5221677],[7.2548673,51.5223207],[7.2548453,51.5224496],[7.2548153,51.5225946],[7.2548143,51.5226906],[7.2548133,51.5228736],[7.2550542,51.5231826],[7.2551282,51.5232895],[7.2551522,51.5234725],[7.2549812,51.5236665],[7.2548443,51.5238765],[7.2547953,51.5239495],[7.2548633,51.5240555],[7.2549413,51.5241934],[7.2549382,51.5247344],[7.2549362,51.5248384],[7.2550962,51.5250323],[7.255266,51.5252159],[7.2547775,51.5253482],[7.2549133,51.5254134],[7.2551643,51.5255015],[7.2556303,51.5258472],[7.2557881,51.5260555],[7.2557818,51.5263418],[7.2559796,51.5264816],[7.2561541,51.526639],[7.256171,51.5266839],[7.256171,51.5266848],[7.2561891,51.5267347]],[[7.2561891,51.5267347],[7.2561941,51.5267483],[7.256203,51.5267734],[7.2562831,51.5267857],[7.2563085,51.5267897],[7.2563107,51.52679],[7.2562992,51.5269526],[7.2563287,51.5270638],[7.2563172,51.5271299],[7.2564561,51.5272318],[7.2564877,51.5273192],[7.2564455,51.5273749],[7.2565961,51.5274082],[7.256671,51.5273956],[7.2567691,51.5273284],[7.2568011,51.5273228],[7.2571217,51.527264],[7.2572284,51.5272734],[7.2572386,51.5272742],[7.2572534,51.5272754],[7.2573077,51.5272693],[7.2574866,51.5272493],[7.2576033,51.5271656],[7.2575729,51.5271153],[7.2574628,51.5270834],[7.2574111,51.5270329],[7.2573191,51.5269932],[7.2573347,51.5269252],[7.2575216,51.5268636],[7.2575607,51.526891],[7.2576126,51.5268987],[7.2579009,51.5267707],[7.2579709,51.52671],[7.2581227,51.5266631],[7.2582376,51.5266383],[7.258347,51.5266369],[7.2585287,51.5265981],[7.2586116,51.5265688],[7.2586646,51.5265356],[7.2587285,51.5265318],[7.2588141,51.526515],[7.2589726,51.5263735],[7.2590576,51.5263697],[7.2591669,51.5263428],[7.2592425,51.5262954],[7.2593394,51.5262478],[7.2594066,51.5262268],[7.2594608,51.5262614],[7.2595053,51.5263186],[7.2596882,51.526307],[7.2597237,51.5262816],[7.2598149,51.5262788],[7.2599363,51.5262748],[7.2600374,51.5262009],[7.2604796,51.5260059],[7.2605933,51.5262253],[7.2609574,51.5261438],[7.2612005,51.5261342],[7.2612677,51.5261725],[7.2613245,51.5261461],[7.2614147,51.5261601],[7.2615098,51.5261325],[7.2616226,51.5261347],[7.2617953,51.5260405],[7.2620454,51.5260358],[7.2620982,51.52598],[7.2622184,51.5260049],[7.262249,51.5259879],[7.2623635,51.5259497],[7.2625845,51.5259429],[7.2626177,51.5259187],[7.2626965,51.5259115],[7.2627748,51.5259386],[7.2629758,51.5259134],[7.2630757,51.5259224],[7.2631369,51.5259004],[7.2633897,51.5259371],[7.2636289,51.5259185],[7.2639873,51.525905],[7.2641814,51.5259268],[7.264478,51.5258082],[7.2644899,51.5257051],[7.2648577,51.5256803],[7.2651634,51.5257579],[7.2654933,51.5256889],[7.2658603,51.5257394],[7.2658876,51.5256512],[7.2665183,51.5257133],[7.2666792,51.5256434],[7.2669508,51.5256728],[7.2669597,51.5256318],[7.2670766,51.5256121],[7.2673878,51.5255367],[7.2682795,51.5254686],[7.2689891,51.5251123],[7.269574,51.5250654],[7.2698481,51.5250241],[7.2700373,51.5250059],[7.2701181,51.524978],[7.2704497,51.5249733],[7.2705253,51.5249873],[7.2706328,51.5249867],[7.2708428,51.5249214],[7.2710546,51.5248916],[7.2712266,51.5249253],[7.2716152,51.52483],[7.271644,51.5247872],[7.2720923,51.5247468],[7.272221,51.5246321],[7.2733091,51.5244251],[7.27334,51.5243763],[7.2735225,51.5243335],[7.2742679,51.5241553]],[[7.2742679,51.5241553],[7.2755251,51.524358],[7.2755936,51.5243713],[7.2756843,51.5243866],[7.2784661,51.5248511],[7.2785163,51.5248499],[7.2785703,51.5248487],[7.2786767,51.5248453],[7.2794915,51.5248246],[7.2795092,51.5248103],[7.279578,51.5247524],[7.2796452,51.5246971],[7.2796756,51.5246961],[7.2798009,51.5246944],[7.2799252,51.5246929],[7.2801669,51.5246886],[7.280526,51.5246843],[7.2805314,51.5248297],[7.281101,51.5248197],[7.2822231,51.5245847],[7.2825084,51.5245249],[7.2827798,51.5245211],[7.2834584,51.5246457],[7.2841425,51.5247702],[7.2851578,51.5249559],[7.2851748,51.5253476]],[[7.2851748,51.5253476],[7.2851758,51.5253653],[7.2851764,51.525382],[7.2851771,51.5253984]],[[7.2851771,51.5253984],[7.2852046,51.5261557],[7.2854463,51.526281],[7.285453,51.5264767],[7.2856206,51.5264776],[7.285962,51.5264696],[7.2860503,51.5264715],[7.2870865,51.5265034],[7.2875787,51.5265176],[7.2882028,51.5265359],[7.2882351,51.5265367],[7.288255,51.5265373],[7.2882585,51.5265369],[7.2884779,51.5265229]],[[7.2884779,51.5265229],[7.2884809,51.526526],[7.2885042,51.5265252]],[[7.2885042,51.5265252],[7.2885058,51.5265313],[7.2886314,51.5276338],[7.2889902,51.527641],[7.2890633,51.5276423],[7.2903828,51.5283978],[7.2903358,51.5287202],[7.290683,51.5287405],[7.290572,51.5295467],[7.2908416,51.5295634],[7.2907966,51.5298291],[7.2912821,51.5298758],[7.2929937,51.5306054],[7.2938405,51.5309637],[7.2948003,51.5313721]],[[7.3031703,51.5276156],[7.3021129,51.5273574],[7.3015676,51.5284799],[7.3011265,51.5283535],[7.3006727,51.5293844],[7.3004118,51.5293085],[7.2997073,51.5308925],[7.297188,51.5301802],[7.2971326,51.5302561],[7.2970699,51.5303223],[7.2970266,51.5304568],[7.2969593,51.5305631],[7.2956854,51.5299519],[7.2953222,51.5307089],[7.295343,51.5307266],[7.2951056,51.5309671],[7.2950526,51.531054],[7.2948003,51.5313721]],[[7.3085034,51.5264374],[7.3080737,51.5261628],[7.3073902,51.5260378],[7.3062115,51.5257692],[7.3059579,51.5257252],[7.3041485,51.5254446],[7.3031703,51.5276156]],[[7.3105195,51.5241838],[7.3102739,51.5246434],[7.309881,51.5253188],[7.3095024,51.5259975],[7.3088992,51.5263902],[7.3088263,51.5263376],[7.3085034,51.5264374]],[[7.3147317,51.5220857],[7.3144154,51.522193],[7.3142043,51.5223242],[7.3140132,51.5225491],[7.3142474,51.5226927],[7.3141986,51.5228384],[7.314083,51.522956],[7.314358,51.5230895],[7.3143855,51.523124],[7.3143744,51.5231762],[7.3143011,51.52327],[7.3144564,51.5233694],[7.3145391,51.5234053],[7.3143641,51.5235888],[7.3130742,51.5233241],[7.3130513,51.5238055],[7.3129665,51.5241016],[7.3128933,51.5240764],[7.3128542,51.5241444],[7.312479,51.5240355],[7.3120305,51.5239176],[7.3116451,51.5238214],[7.3112609,51.5237409],[7.3110044,51.5236981],[7.3106542,51.5236506],[7.3107115,51.5241315],[7.3105195,51.5241838]],[[7.3092868,51.5197314],[7.309939,51.5199345],[7.3103693,51.5200591],[7.3103867,51.5200641],[7.3104936,51.5201605],[7.3105062,51.5203034],[7.310821,51.5206328],[7.3109073,51.5206335],[7.3109665,51.5206339],[7.3110346,51.5206453],[7.3111083,51.5206327],[7.311671,51.5209023],[7.3119589,51.5210518],[7.3120294,51.5210884],[7.3121761,51.5211646],[7.3122081,51.5211812],[7.3122305,51.5212033],[7.3122778,51.52125],[7.3124138,51.5213016],[7.3125663,51.5213594],[7.3125844,51.5213663],[7.312712,51.5213731],[7.3127889,51.5213772],[7.3129252,51.5213845],[7.312927,51.5213765],[7.3137557,51.5214691],[7.3137699,51.521441],[7.3137733,51.5214342],[7.3137837,51.5214137],[7.3138148,51.5213521],[7.3138172,51.5213474],[7.3138308,51.5213205],[7.3139397,51.5211459],[7.3140401,51.5211946],[7.3146416,51.5215014],[7.3147208,51.5215418],[7.3146657,51.5216577],[7.3146513,51.5217513],[7.3147204,51.5218813],[7.3146886,51.5220131],[7.3147317,51.5220857]],[[7.3075606,51.5186607],[7.3075462,51.5188399],[7.3079641,51.5190364],[7.3082264,51.5191598],[7.3087382,51.5192774],[7.3089756,51.5194083],[7.3090576,51.5194535],[7.3091106,51.5195062],[7.309283,51.5196911],[7.3092868,51.5197314]],[[7.3064738,51.5180396],[7.3066009,51.5179444],[7.3066064,51.5179403],[7.3066388,51.517916],[7.306647,51.5179099],[7.3066788,51.517886],[7.3067313,51.5178468],[7.3068517,51.5177566],[7.3070457,51.5178643],[7.3071732,51.517935],[7.3072601,51.5180151],[7.3073431,51.5180582],[7.3078183,51.5183045],[7.3082044,51.5185444],[7.3081783,51.5185629],[7.3081448,51.5185866],[7.3080881,51.5186269],[7.3080779,51.5186341],[7.3080473,51.5186559],[7.3079877,51.5186981],[7.3079159,51.5187491],[7.3077269,51.5187032],[7.3075606,51.5186607]],[[7.3045694,51.5168498],[7.3045826,51.516934],[7.3048538,51.5172412],[7.3048668,51.5172558],[7.3048935,51.5172861],[7.3050008,51.5174298],[7.305179,51.5176537],[7.3054354,51.5177165],[7.305679,51.5177763],[7.3057462,51.5177925],[7.3060771,51.5179671],[7.3061745,51.5179726],[7.3063806,51.5180187],[7.3064738,51.5180396]],[[7.3028034,51.5130485],[7.3031072,51.5142881],[7.3031083,51.5142899],[7.3035736,51.5150513],[7.3037481,51.5153368],[7.3037689,51.5154167],[7.3037424,51.5155336],[7.3037366,51.5155376],[7.3036895,51.5155694],[7.3034717,51.5157168],[7.3038731,51.51604],[7.3039024,51.51605],[7.3040849,51.5162096],[7.3043199,51.5164279],[7.3044622,51.5165021],[7.3044943,51.5165189],[7.3045196,51.516532],[7.3045221,51.5165477],[7.3045246,51.5165637],[7.3045428,51.5166798],[7.3045694,51.5168498]],[[7.3028034,51.5130485],[7.3027901,51.5129543],[7.302729,51.5127575],[7.3027088,51.5126957],[7.3026435,51.5124964],[7.3025842,51.5123154],[7.3025898,51.5122078],[7.302598,51.5120519],[7.3026173,51.5120057],[7.3026432,51.5119436]],[[7.3026432,51.5119436],[7.3026702,51.5118788],[7.3026733,51.5117315],[7.3026771,51.5115478],[7.3026816,51.511332],[7.3026811,51.5110306],[7.3026809,51.5108692],[7.3026786,51.5103758],[7.3026672,51.5102237],[7.3026534,51.5101048],[7.3026372,51.5100139]],[[7.3026372,51.5100139],[7.3025375,51.5095591],[7.3025547,51.5094556],[7.3026117,51.5091112],[7.3026614,51.5088096],[7.3027017,51.5085652],[7.3027083,51.5083553],[7.3026774,51.5082239],[7.302639,51.5081198],[7.3024779,51.5078278],[7.302387,51.5076709],[7.3024032,51.507621],[7.303047,51.5072594],[7.3032714,51.5069356],[7.3034585,51.5068268],[7.3036553,51.5067156],[7.3038319,51.5066182],[7.3039592,51.5064829],[7.3042842,51.5060593],[7.3043352,51.5059727],[7.3043305,51.505852]],[[7.3043305,51.505852],[7.3043271,51.5057668],[7.3043006,51.5056165],[7.3042047,51.5054056],[7.30402,51.5050705],[7.3038419,51.5047742]],[[7.3038419,51.5047742],[7.3038473,51.5046878],[7.303823,51.5044937],[7.3039896,51.5042956]],[[7.2980079,51.4967769],[7.2980855,51.4968217],[7.3008337,51.4986858],[7.3009074,51.499005],[7.3009891,51.4992842],[7.3014733,51.5005123],[7.3025882,51.5014774],[7.3031343,51.5017683],[7.3033063,51.5019126],[7.3029737,51.5024273],[7.3035803,51.5030904],[7.3040942,51.5031199],[7.3039896,51.5042956]],[[7.289667,51.4968516],[7.2980079,51.4967769]],[[7.2710585,51.4967238],[7.273925,51.4969622],[7.289667,51.4968516]],[[7.2560924,51.4943059],[7.2568423,51.4937718],[7.2586327,51.4937191],[7.2590357,51.4937337],[7.259554,51.4937767],[7.2603581,51.4939652],[7.2624057,51.4952937],[7.2652925,51.4960021],[7.2691772,51.4965673],[7.2710585,51.4967238]],[[7.2570445,51.4978502],[7.2566591,51.4979013],[7.2566511,51.4978973],[7.2565748,51.4978318],[7.2565596,51.4978272],[7.2565282,51.4977949],[7.2539573,51.4955965],[7.2560924,51.4943059]],[[7.2574942,51.4982983],[7.2570445,51.4978502]],[[7.2506663,51.5036667],[7.2511943,51.4987651],[7.251609,51.4988999],[7.2536507,51.4991968],[7.2540607,51.4991873],[7.254613,51.4991637],[7.2555919,51.4990176],[7.2555463,51.498927],[7.2553838,51.4986471],[7.2556449,51.498588],[7.2557348,51.498667],[7.2559226,51.4985937],[7.2559507,51.4986148],[7.2570055,51.4981669],[7.2572811,51.4983948],[7.2574942,51.4982983]],[[7.2506663,51.5036667],[7.2498711,51.5059866]],[[7.2498711,51.5059866],[7.2468501,51.5067052],[7.2444499,51.507235]],[[7.2444499,51.507235],[7.2445876,51.5073539]]]}},{"type":"Feature","properties":{"postal_code":"44879","note":"44879 Bochum","osm_id":2025797,"osm_type":"relation","boundary":"postal_code","dataConfidence":"osm-postal-boundary"},"geometry":{"type":"MultiLineString","coordinates":[[[7.1192529,51.4309026],[7.119835,51.4309769],[7.1210203,51.4310752],[7.1222943,51.4310418],[7.1232032,51.4309894],[7.1244206,51.4308634],[7.1245839,51.4308389],[7.1255746,51.4306864],[7.1265505,51.4304924],[7.1272989,51.4303049],[7.1282709,51.4300284],[7.1292079,51.4297122],[7.1300361,51.4293875],[7.1304065,51.4292211],[7.1325724,51.4281298],[7.1331506,51.4278065],[7.1364975,51.4257944],[7.1375625,51.4252988]],[[7.1229418,51.4317051],[7.1229448,51.4316835],[7.1221723,51.4316487],[7.1215633,51.431601],[7.1198304,51.4314237],[7.1190641,51.4312888],[7.1192529,51.4309026]],[[7.1326705,51.4394919],[7.1323698,51.4393849],[7.1322618,51.4393469],[7.1314005,51.4390426],[7.1310409,51.4388789],[7.1304411,51.4385489],[7.1298983,51.4382449],[7.1284469,51.4373855],[7.1274415,51.4367915],[7.1270331,51.4366088],[7.1263352,51.4360959],[7.1255192,51.4355754],[7.1248829,51.4351503],[7.1245056,51.4349542],[7.1241633,51.4347758],[7.1234975,51.4344816],[7.1233313,51.4344097],[7.1227341,51.434152],[7.1226619,51.4341224],[7.1226959,51.4338246],[7.1228308,51.4326617],[7.1229418,51.4317051]],[[7.1357049,51.4398561],[7.1356381,51.4398384],[7.1349764,51.4396849],[7.134914,51.4396712],[7.1346166,51.4396907],[7.1343172,51.4396794],[7.1342844,51.4396424],[7.1344554,51.4395243],[7.1342946,51.4394998],[7.1342321,51.4394735],[7.133593,51.4393382],[7.1334506,51.4392697],[7.1333225,51.4391659],[7.133271,51.4389937],[7.1331109,51.4391909],[7.13271,51.4394649],[7.1326705,51.4394919]],[[7.1600378,51.4425346],[7.1600155,51.4425547],[7.159908,51.4426078],[7.1598535,51.4426603],[7.159806,51.4427052],[7.1596827,51.4428224],[7.1588769,51.4424894],[7.1587377,51.4423941],[7.1583555,51.4423077],[7.1580467,51.4423056],[7.1579448,51.4423101],[7.1578062,51.4423109],[7.1577544,51.4423127],[7.1574828,51.4422433],[7.1569702,51.4422045],[7.1569047,51.4422015],[7.1559362,51.4418272],[7.155487,51.4418502],[7.1550353,51.4416103],[7.1550688,51.4415961],[7.1549995,51.4415157],[7.1546739,51.4414793],[7.1539866,51.4413402],[7.1536113,51.4414587],[7.152996,51.4416485],[7.1527774,51.4416977],[7.1522772,51.4416605],[7.1522641,51.4416595],[7.1520855,51.4417273],[7.1521401,51.4424873],[7.1519595,51.4430422],[7.151241,51.4431378],[7.1504038,51.4439815],[7.1500838,51.443851],[7.149764,51.4437119],[7.1488796,51.4432876],[7.1464866,51.4427365],[7.1465158,51.4426227],[7.1466755,51.4423674],[7.1461576,51.4422362],[7.1455953,51.442059],[7.1452975,51.4419763],[7.1450552,51.4419297],[7.1447924,51.4419132],[7.144687,51.4419209],[7.1444986,51.4419165],[7.1443455,51.4419121],[7.1440027,51.4418812],[7.1436585,51.4418283],[7.1433932,51.4417698],[7.1428446,51.4416],[7.1428598,51.441582],[7.1425536,51.4414668],[7.1424779,51.4414392],[7.1422976,51.4413732],[7.1420938,51.4412978],[7.142014,51.4414483],[7.1419929,51.4414692],[7.1419661,51.4414914],[7.1419262,51.4415541],[7.1418506,51.4415343],[7.1416063,51.4414754],[7.1415191,51.4416236],[7.1411971,51.4415307],[7.1408916,51.4414575],[7.1401056,51.4412484],[7.1398462,51.4414921],[7.1391287,51.4412707],[7.1391179,51.4412672],[7.1390034,51.4412309],[7.138968,51.4412198],[7.1387904,51.4412112],[7.1384924,51.4410996],[7.1384829,51.441096],[7.1384077,51.4410672],[7.1384733,51.4409794],[7.1384855,51.4409631],[7.1385297,51.4409052],[7.1381569,51.440802],[7.1382127,51.4407286],[7.1382867,51.4406317],[7.1383325,51.4405715],[7.1382513,51.4405723],[7.1382003,51.4405813],[7.1381661,51.440605],[7.1381299,51.4406213],[7.1380817,51.4406291],[7.1380353,51.4406283],[7.1380025,51.4406216],[7.1379647,51.4405994],[7.1379377,51.4405709],[7.1379295,51.4405293],[7.1379881,51.4404402],[7.1378988,51.4404107],[7.1357049,51.4398561]],[[7.1630138,51.4413174],[7.1628377,51.4415205],[7.1621256,51.4413321],[7.1618076,51.441368],[7.1616628,51.4413695],[7.1616244,51.441409],[7.1615209,51.4413797],[7.1614912,51.4414248],[7.1614495,51.441459],[7.1614015,51.4414764],[7.1613516,51.4414847],[7.1613083,51.4414819],[7.1612753,51.441581],[7.161045,51.4415229],[7.160968,51.4416184],[7.1609038,51.4416886],[7.1606951,51.4418792],[7.1605957,51.441926],[7.1604428,51.4421099],[7.1600378,51.4425346]],[[7.1661484,51.4429567],[7.1660114,51.4428931],[7.1654167,51.4425195],[7.1646724,51.4427736],[7.1645902,51.4427816],[7.164525,51.4427879],[7.1644378,51.442594],[7.1642393,51.4423892],[7.1639081,51.4419587],[7.1636926,51.44179],[7.163449,51.4416289],[7.1634444,51.4416222],[7.1633272,51.4415399],[7.1630138,51.4413174]],[[7.1677234,51.4410041],[7.1676833,51.4410565],[7.1676558,51.4413664],[7.1677135,51.4417188],[7.1672956,51.4419491],[7.1671437,51.4424204],[7.1670073,51.4424837],[7.1667559,51.4425756],[7.1665996,51.4426667],[7.1661484,51.4429567]],[[7.1714556,51.4369094],[7.1713993,51.4369458],[7.1713533,51.4369719],[7.1712709,51.4370382],[7.1711968,51.4370954],[7.171105,51.4371832],[7.1712518,51.4376428],[7.1710866,51.4381244],[7.1706821,51.4382391],[7.1707746,51.4383091],[7.1708503,51.4385041],[7.1703359,51.4389445],[7.1701615,51.4388469],[7.1698793,51.4390439],[7.1698199,51.4389679],[7.1696328,51.4390175],[7.1695672,51.4392168],[7.1695313,51.4392176],[7.1695075,51.4392218],[7.1693569,51.4392706],[7.1693194,51.4392958],[7.1693495,51.4394038],[7.1691008,51.4393807],[7.1688825,51.4394118],[7.168793,51.4395349],[7.1685543,51.4396183],[7.1683321,51.4397339],[7.1681965,51.4396768],[7.1685004,51.4402671],[7.1682039,51.4403057],[7.1682371,51.4404844],[7.168231,51.4409713],[7.1681346,51.4409208],[7.1677234,51.4410041]],[[7.1776654,51.4388724],[7.1775345,51.4387657],[7.1775004,51.4386973],[7.1770003,51.4384657],[7.1764132,51.4381869],[7.1760844,51.4380559],[7.1755911,51.4378746],[7.1746714,51.437585],[7.1739535,51.437395],[7.173917,51.4373857],[7.1738174,51.4373603],[7.1735168,51.4372837],[7.1732358,51.4372408],[7.1729917,51.4371971],[7.1714556,51.4369094]],[[7.1776654,51.4388724],[7.177706,51.4388511],[7.177988,51.4390715],[7.1782984,51.4392139],[7.1783445,51.4392291],[7.1783985,51.439172],[7.1785373,51.4389819],[7.1788546,51.4390918],[7.1795473,51.4393729],[7.1797654,51.4393609]],[[7.1797654,51.4393609],[7.1804559,51.4393405],[7.1809159,51.4392649],[7.1815543,51.4391294]],[[7.1815543,51.4391294],[7.1818557,51.4390865],[7.1819045,51.4390778],[7.1819325,51.4390766],[7.1822168,51.4390362],[7.1825278,51.4389895],[7.1831294,51.4388991],[7.1844003,51.4386328],[7.1851371,51.4388009],[7.1852777,51.4388759],[7.1854859,51.4387558],[7.1855281,51.438736],[7.185751,51.4386669]],[[7.185751,51.4386669],[7.1862983,51.439027],[7.1866633,51.4388228],[7.1868969,51.4390239],[7.1869769,51.4389807],[7.1872172,51.4391243],[7.1875222,51.438943],[7.1872862,51.4388074],[7.1876141,51.4386275],[7.1876843,51.4385646],[7.1877886,51.4385008],[7.1878237,51.4384813],[7.188203,51.4381558]],[[7.188203,51.4381558],[7.1881978,51.4380268],[7.1882833,51.4379083],[7.1883505,51.4376473],[7.1881254,51.4368147],[7.188358,51.4364966],[7.1887782,51.4363048],[7.1892585,51.4347564],[7.1892758,51.4340597]],[[7.1892758,51.4340597],[7.189281,51.4338489],[7.189221,51.4333904],[7.1896952,51.4327789],[7.1893808,51.4326661],[7.1892536,51.4325093],[7.1900433,51.4319126],[7.1907137,51.4314907],[7.1898894,51.4311887],[7.18736,51.4302186],[7.1853977,51.428677]],[[7.1853977,51.428677],[7.1848732,51.4289709],[7.1794787,51.4269444],[7.1787362,51.4279819],[7.1782274,51.4280022],[7.1774121,51.4288989],[7.1762511,51.4287911],[7.1763355,51.4283666],[7.1771299,51.4272753],[7.1769864,51.4268854],[7.1777935,51.4263265],[7.1778509,51.4261932],[7.1782082,51.4260699],[7.1782338,51.4256163],[7.1791685,51.4247729],[7.1794292,51.4247285],[7.1809396,51.42458]],[[7.1809396,51.42458],[7.1809866,51.4243936],[7.181217,51.4241261],[7.1812512,51.4239854],[7.1812552,51.4238984],[7.1812418,51.4237421],[7.1812478,51.4237019],[7.1812999,51.4235189],[7.1821912,51.422008],[7.1822664,51.4214063],[7.1821712,51.4208595],[7.1821015,51.4207507],[7.1819975,51.4206708],[7.1817764,51.4205257],[7.1817152,51.4205155],[7.1814711,51.420548],[7.1813712,51.4204734],[7.1813605,51.4204011],[7.1812304,51.4203522],[7.1811395,51.4202256],[7.181217,51.4200908],[7.181217,51.4199127],[7.1814104,51.419651]],[[7.1814104,51.419651],[7.181378,51.4195934],[7.1810885,51.4195873],[7.1806856,51.4195656],[7.1805672,51.419533],[7.1805313,51.4195122],[7.180393,51.4195405],[7.1802146,51.4195287],[7.1801616,51.4195071],[7.1801292,51.4195172],[7.1800328,51.4195135],[7.1795282,51.4194513],[7.1789249,51.4193874],[7.1789075,51.4193385],[7.1788844,51.4193217],[7.1789544,51.4192438],[7.1786562,51.4191119],[7.1786162,51.4190841],[7.1785826,51.4190787],[7.1780249,51.4188514],[7.1768695,51.4182313],[7.1765654,51.4180692],[7.1764155,51.4179657],[7.1767685,51.4177356],[7.1772904,51.4173505],[7.1769831,51.4171773],[7.1772863,51.4169581],[7.1758673,51.416069],[7.1756605,51.4162252],[7.1746544,51.4156567],[7.1747873,51.4155715],[7.1747022,51.4155314],[7.174239,51.4153086],[7.173555,51.4149815],[7.173342,51.4149174],[7.1731353,51.4148815]],[[7.1731353,51.4148815],[7.1729173,51.4148442],[7.1726049,51.4148536],[7.1720639,51.4148089],[7.1716325,51.4147946],[7.1714465,51.4147238],[7.1712583,51.4146574],[7.1708743,51.4144784],[7.1704302,51.4142766],[7.170318,51.4142292],[7.1699987,51.4142346],[7.1700014,51.4142199]],[[7.1700014,51.4142199],[7.1696907,51.4143305],[7.1695654,51.4143232],[7.1694518,51.4142976],[7.1688709,51.4141023],[7.1677487,51.413731],[7.1669931,51.4134783],[7.1665285,51.41413],[7.1671623,51.4143628],[7.166727,51.4149569],[7.1656683,51.4168372],[7.1646349,51.4165368],[7.1640366,51.4163757],[7.1637223,51.4163105],[7.1637408,51.4162365],[7.1637117,51.4162329],[7.1631065,51.4160623],[7.161941,51.4157505],[7.161882,51.4156854],[7.1618849,51.4156623],[7.1620268,51.4154794],[7.1616846,51.4154096],[7.1609048,51.4152364],[7.1607575,51.415194],[7.160688,51.415174]],[[7.160688,51.415174],[7.1606549,51.4151646],[7.1607951,51.4150232],[7.1606435,51.4149667],[7.1601777,51.4147875],[7.1597506,51.4146547],[7.1596894,51.4148808],[7.1587736,51.4146139],[7.1573829,51.4142834],[7.1570169,51.4142073],[7.1568154,51.4141532],[7.1565293,51.4141203],[7.1563759,51.4141131],[7.1562331,51.4141314],[7.1561749,51.414144],[7.156074,51.4141655],[7.1559739,51.4141369],[7.1549795,51.4137656],[7.1549158,51.4138506],[7.1547232,51.414105],[7.1543728,51.4145697],[7.1541448,51.4146271],[7.1539117,51.4145777],[7.1536342,51.4148177],[7.1535478,51.4148664],[7.1532951,51.4150599],[7.1532029,51.4151635]],[[7.1532029,51.4151635],[7.1529914,51.4152965],[7.152948,51.4152775],[7.1528278,51.4154436],[7.152668,51.4156633],[7.1526232,51.4157896],[7.1525444,51.4158824],[7.1523006,51.4160804],[7.1519676,51.4162762],[7.1518311,51.4163918],[7.1517344,51.4165005],[7.1515361,51.4166804],[7.1513585,51.4167649],[7.1512307,51.4168371],[7.1511282,51.4168216],[7.1508237,51.416985],[7.1506772,51.4170229],[7.1507178,51.4172082],[7.1506113,51.4175613],[7.1504852,51.4178599],[7.1501327,51.4185425]],[[7.1501327,51.4185425],[7.1498727,51.4185775],[7.1492072,51.4184006],[7.1490809,51.4188908],[7.1488295,51.4193875],[7.14856,51.4197045],[7.1482361,51.4200161],[7.147223,51.4208417],[7.1468909,51.4212602],[7.1466111,51.4215866],[7.1463277,51.4219164],[7.1455818,51.4223138],[7.1444723,51.4228862],[7.1437413,51.4231834],[7.143421,51.4232871],[7.1432695,51.4233581],[7.1432618,51.4233477],[7.1432156,51.4233521],[7.1430456,51.423405],[7.1430013,51.4234153],[7.1425513,51.4234385],[7.1421841,51.4235274],[7.1401749,51.4243379],[7.1396863,51.4246447],[7.1381471,51.4250622],[7.1375625,51.4252988]]]}},{"type":"Feature","properties":{"postal_code":"44807","note":"44807 Bochum","osm_id":2029077,"osm_type":"relation","boundary":"postal_code","dataConfidence":"osm-postal-boundary"},"geometry":{"type":"MultiLineString","coordinates":[[[7.242673,51.5090441],[7.2426542,51.508637],[7.2427364,51.5083023],[7.2431854,51.5079192],[7.2432988,51.5078977],[7.2435631,51.5077775],[7.2441265,51.5076663],[7.2441959,51.5076507],[7.2442161,51.5076463],[7.2442248,51.5076436],[7.2443093,51.5076118],[7.2442646,51.5075808],[7.24441,51.5073916],[7.2445876,51.5073539]],[[7.242673,51.5090441],[7.245044,51.5088615]],[[7.245044,51.5088615],[7.2453566,51.5093533],[7.2455216,51.5095984],[7.245588,51.5096185],[7.2455198,51.5096702],[7.2454269,51.5096678],[7.245285,51.5096814],[7.2450868,51.5097187],[7.2448615,51.5097727],[7.2444421,51.5098863],[7.2439712,51.50997],[7.2439768,51.5099771],[7.2435851,51.5100867],[7.2442315,51.5104899],[7.2444695,51.5106372],[7.2445661,51.5107131],[7.244905,51.5109399]],[[7.244905,51.5109399],[7.24477,51.5112846],[7.2451881,51.5117122],[7.2458474,51.5116068]],[[7.2458474,51.5116068],[7.2462257,51.5119093],[7.246335,51.5120002],[7.2466812,51.5123189],[7.2467688,51.5123803],[7.2469558,51.5125021],[7.2471807,51.5126757],[7.2475417,51.5129629],[7.2481702,51.5134494]],[[7.2481702,51.5134494],[7.2483951,51.5136228],[7.2489327,51.5133719],[7.2488114,51.5132676]],[[7.2488114,51.5132676],[7.2489761,51.5131853],[7.2492902,51.5130249]],[[7.2492902,51.5130249],[7.2498272,51.5134328],[7.2508371,51.5128039],[7.2506044,51.5126495],[7.2508555,51.5125019]],[[7.2508555,51.5125019],[7.2512274,51.5127859],[7.251393,51.5128932]],[[7.251393,51.5128932],[7.2513581,51.5128924],[7.251338,51.512897],[7.2513172,51.5129087],[7.2512227,51.513013],[7.2513883,51.5130823],[7.251403,51.5131549],[7.2516612,51.5132037],[7.251688,51.5131482],[7.2521658,51.5132477]],[[7.2521658,51.5132477],[7.2521549,51.5132701],[7.252317,51.5133079],[7.252036,51.5137404],[7.2515399,51.5144363]],[[7.2515399,51.5144363],[7.2517296,51.5145364],[7.251768,51.5145959],[7.2517871,51.5146261],[7.2518404,51.5147085],[7.2519049,51.5148068],[7.2516838,51.5155074],[7.2516136,51.5158085],[7.2509082,51.515715],[7.2502156,51.5153239]],[[7.2502156,51.5153239],[7.2501588,51.5159222],[7.2500458,51.516439],[7.2499901,51.5168771],[7.2499895,51.5171813],[7.2500409,51.5176478],[7.2501119,51.5181469],[7.2503831,51.5194479],[7.2504126,51.519507]],[[7.2504126,51.519507],[7.249776,51.5194433],[7.2484345,51.5215708],[7.2479962,51.5217373]],[[7.2448973,51.5212143],[7.2454623,51.5212211],[7.2457895,51.5212574],[7.2461023,51.5213192],[7.2477639,51.5215872],[7.2479042,51.5216722],[7.2479962,51.5217373]],[[7.2303727,51.5176968],[7.2307351,51.517752],[7.2308502,51.5177841],[7.2312931,51.517946],[7.2315787,51.5179982],[7.2317666,51.5180007],[7.23199,51.5180129],[7.2322878,51.5180032],[7.2326969,51.5180032],[7.2327726,51.5180118],[7.2328089,51.5181127],[7.2328967,51.5182496],[7.2329566,51.5183236],[7.2329954,51.5184485],[7.2330637,51.5185503],[7.2331303,51.5186496],[7.2331914,51.5187394],[7.2332383,51.5188071],[7.2333574,51.5189689],[7.2334913,51.5190391],[7.2336899,51.5191433],[7.2337442,51.5191872],[7.2337798,51.5193293],[7.2338835,51.5194712],[7.2340156,51.5195927],[7.2341736,51.5196158],[7.2345149,51.5195811],[7.2346107,51.5195622],[7.2351025,51.5194648],[7.2351621,51.5194535],[7.2352035,51.5194449],[7.2356239,51.5193415],[7.235773,51.519281],[7.2359819,51.5192141],[7.2363952,51.5190212],[7.2364743,51.5189759],[7.2367741,51.518806],[7.2370822,51.5186249],[7.2372147,51.5184855],[7.2372646,51.5182876],[7.2371855,51.5180303],[7.2377727,51.5181299],[7.2378175,51.518137],[7.237768,51.518422],[7.2377432,51.5185768],[7.2377635,51.5185777],[7.237793,51.5185793],[7.2379072,51.5185839],[7.2379435,51.518586],[7.2381015,51.5185924],[7.238389,51.5186134],[7.2385066,51.5187607],[7.2385049,51.5190201],[7.2387596,51.5193879],[7.2392343,51.519641],[7.2386525,51.5201021],[7.2381391,51.5200465],[7.2380895,51.5200674],[7.2380359,51.5203069],[7.2379697,51.5203963],[7.2379884,51.5204261],[7.2380022,51.5204388],[7.238229,51.5205137],[7.2386734,51.5206376],[7.2394454,51.5208433],[7.2395168,51.5208623],[7.2398285,51.520954],[7.2399089,51.5209794],[7.2403086,51.5211055],[7.2403443,51.5211168],[7.2403756,51.5211262],[7.240408,51.5211369],[7.2406561,51.5211819],[7.2407537,51.5211982],[7.2408683,51.5212188],[7.2409652,51.5212155],[7.2410018,51.5212143],[7.2414048,51.5211493],[7.2414172,51.52118],[7.2418927,51.5211435],[7.2425414,51.5211026],[7.2431163,51.5210359],[7.2438835,51.521068],[7.2447438,51.5211919],[7.2448973,51.5212143]],[[7.2110342,51.5189174],[7.2112484,51.5189384],[7.2115361,51.5189721],[7.2119685,51.5190225],[7.2122985,51.519074],[7.2123238,51.5190781],[7.2123693,51.5190833],[7.2124098,51.5190887],[7.2124554,51.5190931],[7.2127665,51.5191237],[7.2130012,51.519151],[7.2133887,51.519226],[7.2134509,51.5192374],[7.2136239,51.5192916],[7.2137218,51.5193219],[7.2144782,51.519532],[7.2152894,51.5197731],[7.2155778,51.5198722],[7.2166456,51.5201941],[7.2166368,51.520202],[7.2166311,51.5202082],[7.2179189,51.5206017],[7.2179312,51.5205879],[7.2183244,51.5207087],[7.2185549,51.5207772],[7.2185963,51.5207275],[7.2189348,51.5207989],[7.2189712,51.5207533],[7.2190833,51.5206087],[7.2191233,51.5205579],[7.2191694,51.5204983],[7.2192139,51.5204413],[7.2192538,51.52039],[7.2193457,51.5202709],[7.2194433,51.5201455],[7.2195198,51.5200472],[7.2195968,51.5199484],[7.2196315,51.5199032],[7.2198188,51.519661],[7.2198823,51.5195793],[7.22006,51.5193505],[7.2201,51.5193005],[7.2201283,51.5192642],[7.2208844,51.5194426],[7.2213551,51.5195168],[7.2218219,51.5195451],[7.2218213,51.5195317],[7.2218194,51.5194965],[7.2218169,51.519438],[7.22181,51.5192812],[7.2217829,51.5186798],[7.2222232,51.518789],[7.2224964,51.5188575],[7.2225781,51.518881],[7.2229297,51.5189805],[7.2230675,51.519027],[7.2232281,51.5190818],[7.2233092,51.5191269],[7.2241408,51.5193726],[7.2243497,51.5194097],[7.2244334,51.5193076],[7.2246033,51.5191532],[7.2246947,51.5190701],[7.2249785,51.5191533],[7.2253174,51.5187291],[7.2253967,51.5186297],[7.2266963,51.5188168],[7.2269116,51.5184653],[7.2270013,51.5183198],[7.2270072,51.5183115],[7.2270533,51.5182409],[7.2272456,51.5179311],[7.2276594,51.5172668],[7.2279065,51.5173651],[7.2281459,51.5174636],[7.2286893,51.5176702],[7.2287748,51.5177071],[7.2288302,51.5177248],[7.2295976,51.5183231],[7.2296159,51.5183377],[7.2297349,51.5183814],[7.2297721,51.5183956],[7.2298871,51.518281],[7.2299205,51.518247],[7.2299367,51.5182309],[7.2299872,51.5181807],[7.2300184,51.518149],[7.2302686,51.5178542],[7.2303727,51.5176968]],[[7.2056772,51.5182093],[7.205699,51.5181886],[7.2059967,51.5179148],[7.2065203,51.5180464],[7.2066311,51.5180972],[7.2068554,51.5181943],[7.2070955,51.5182599],[7.2081802,51.5184477],[7.2089158,51.5185742],[7.2102869,51.5188126],[7.2102963,51.5187857],[7.2110342,51.5189174]],[[7.2060489,51.5217073],[7.2060825,51.5217112],[7.2061164,51.5217151],[7.2061675,51.5217212],[7.2061166,51.5213882],[7.2060344,51.5209714],[7.2059948,51.5207118],[7.2059503,51.5204334],[7.2059064,51.5201594],[7.2058445,51.5198026],[7.2057446,51.5192258],[7.2055885,51.5183248],[7.2055842,51.5182929],[7.2055587,51.5182804],[7.2056643,51.5182445],[7.2056748,51.5182112],[7.2056772,51.5182093]],[[7.1955911,51.5177993],[7.1957319,51.5178275],[7.196353,51.5179573],[7.1963859,51.5179644],[7.1964615,51.5179809],[7.1972721,51.5181568],[7.1971992,51.5183341],[7.1971832,51.518373],[7.1972247,51.51839],[7.1974486,51.5184908],[7.1975141,51.5185204],[7.1976535,51.5185893],[7.1979513,51.5187398],[7.1977738,51.5187367],[7.1976596,51.5188252],[7.1976045,51.518946],[7.1975392,51.5190817],[7.1975571,51.5191481],[7.1974281,51.5193981],[7.1973891,51.5194333],[7.1973989,51.5194929],[7.1973495,51.5195786],[7.1973384,51.5196579],[7.1973216,51.5197598],[7.1972861,51.5198544],[7.1973039,51.519902],[7.1972945,51.5199267],[7.1974119,51.5199593],[7.1979912,51.5201231],[7.1980178,51.5201297],[7.1980891,51.5201474],[7.1981701,51.520167],[7.1991534,51.5204094],[7.1990066,51.5207046],[7.2014788,51.5215475],[7.2023268,51.5218317],[7.2031413,51.5218449],[7.2035074,51.5218509],[7.2036463,51.5217469],[7.2037695,51.5216308],[7.2038925,51.5214043],[7.2039336,51.5213263],[7.204849,51.5215562],[7.2051498,51.5215945],[7.2057327,51.5216689],[7.2059268,51.521693],[7.2059618,51.521697],[7.2060191,51.5217037],[7.2060489,51.5217073]],[[7.1940425,51.5174963],[7.1940965,51.5175061],[7.1940941,51.5175157],[7.1951196,51.5176908],[7.1951524,51.5176966],[7.1951768,51.5177023],[7.1954917,51.5177758],[7.1955775,51.5177955],[7.1955911,51.5177993]],[[7.1967114,51.5145576],[7.1962309,51.5147545],[7.1960457,51.514824],[7.1958944,51.5149224],[7.1957122,51.5151085],[7.1949268,51.5155793],[7.1954486,51.5157912],[7.1940425,51.5174963]],[[7.1967114,51.5145576],[7.198282,51.5136969],[7.1996543,51.5115066],[7.1994614,51.511481],[7.1993065,51.5114316],[7.1990758,51.5113834],[7.1966495,51.5116028],[7.1973991,51.5125484],[7.1960425,51.5126414],[7.1959931,51.5123945],[7.1958837,51.5124248],[7.1944669,51.5124763],[7.1943183,51.5113017],[7.1987896,51.5108381],[7.2003065,51.5112009],[7.2011005,51.5094504],[7.2017331,51.5081918],[7.2021437,51.5082085],[7.2019459,51.5087361],[7.2021004,51.5090995],[7.2027068,51.5091545],[7.2032101,51.50824]],[[7.2032101,51.50824],[7.2029822,51.5076811]],[[7.2029822,51.5076811],[7.202855,51.5073691]],[[7.202855,51.5073691],[7.2035401,51.5072352],[7.2041107,51.5075826],[7.2042088,51.508011],[7.2047386,51.5080647],[7.2073773,51.5071238],[7.2101143,51.5072621],[7.2115776,51.5076461],[7.2122015,51.5062201],[7.2126743,51.506303],[7.2127378,51.5061058],[7.2141338,51.506008],[7.2144984,51.5052195],[7.2156961,51.5048847],[7.2160999,51.5046874],[7.2160575,51.5044265],[7.216445,51.504294],[7.2163694,51.5042449],[7.2163277,51.5041616],[7.2163124,51.5041307],[7.2164571,51.5039665],[7.2178278,51.5042851],[7.2196184,51.5044313],[7.2226199,51.5045118],[7.2245613,51.5049785],[7.2255617,51.5038278],[7.2254226,51.5034695],[7.2249802,51.5034406],[7.2247137,51.5018996],[7.2238846,51.5017621],[7.2235307,51.5010487],[7.2205422,51.5015379],[7.2185727,51.5010451],[7.215318,51.5008681],[7.2136169,51.5005871],[7.2126853,51.5004435],[7.2127619,51.4995461],[7.2135701,51.4993626],[7.2135743,51.4990431],[7.2130485,51.4990055],[7.2121899,51.4983421]],[[7.2121899,51.4983421],[7.2197495,51.4987105],[7.2239167,51.4983164],[7.229719,51.496773],[7.2329912,51.4946355],[7.2369251,51.4944471],[7.2385362,51.4944954],[7.2401698,51.494918],[7.2413502,51.4949668],[7.2446997,51.4951557],[7.2478643,51.4946901]],[[7.2478643,51.4946901],[7.2534033,51.4944414],[7.2560924,51.4943059]],[[7.2570445,51.4978502],[7.2566591,51.4979013],[7.2566511,51.4978973],[7.2565748,51.4978318],[7.2565596,51.4978272],[7.2565282,51.4977949],[7.2539573,51.4955965],[7.2560924,51.4943059]],[[7.2574942,51.4982983],[7.2570445,51.4978502]],[[7.2506663,51.5036667],[7.2511943,51.4987651],[7.251609,51.4988999],[7.2536507,51.4991968],[7.2540607,51.4991873],[7.254613,51.4991637],[7.2555919,51.4990176],[7.2555463,51.498927],[7.2553838,51.4986471],[7.2556449,51.498588],[7.2557348,51.498667],[7.2559226,51.4985937],[7.2559507,51.4986148],[7.2570055,51.4981669],[7.2572811,51.4983948],[7.2574942,51.4982983]],[[7.2506663,51.5036667],[7.2498711,51.5059866]],[[7.2498711,51.5059866],[7.2468501,51.5067052],[7.2444499,51.507235]],[[7.2444499,51.507235],[7.2445876,51.5073539]]]}},{"type":"Feature","properties":{"postal_code":"44809","note":"44809 Bochum","osm_id":2032000,"osm_type":"relation","boundary":"postal_code","dataConfidence":"osm-postal-boundary"},"geometry":{"type":"MultiLineString","coordinates":[[[7.1817896,51.4994784],[7.1819348,51.499561],[7.1819645,51.4995823],[7.1819877,51.4996019],[7.1820068,51.4996206],[7.1820225,51.4996396],[7.1820293,51.4996578],[7.1823162,51.4998144],[7.1819653,51.5003648],[7.1819301,51.5004201],[7.1818974,51.5004714],[7.1818851,51.5004906],[7.1818451,51.5005534],[7.1818177,51.5005964],[7.182079,51.5006612],[7.181931,51.5008589],[7.1810368,51.5019134],[7.1794939,51.5034544]],[[7.1817896,51.4994784],[7.1818079,51.49947],[7.1817816,51.4994119],[7.1819068,51.4993924],[7.181959,51.4993818],[7.1820124,51.4993676],[7.182028,51.4993608],[7.1836982,51.4985309],[7.1850257,51.4978671],[7.1851761,51.496468],[7.1851357,51.4962594],[7.1846549,51.495135]],[[7.1846549,51.495135],[7.1846393,51.4950746],[7.1846442,51.4949599],[7.1847272,51.4948739]],[[7.1847272,51.4948739],[7.1852182,51.4950418],[7.1855586,51.4951553],[7.185801,51.4948661]],[[7.185801,51.4948661],[7.1855689,51.4945849],[7.1848018,51.4932026],[7.1851707,51.490613],[7.1848855,51.4879443],[7.184133,51.4866544],[7.1849492,51.4863429],[7.1859198,51.4849537],[7.1927141,51.4847618],[7.1963477,51.4849642],[7.1968547,51.4850392],[7.198711,51.4853137],[7.2008676,51.485976],[7.2051172,51.4872574]],[[7.2051172,51.4872574],[7.2043243,51.4879071],[7.2048305,51.4880861],[7.2048568,51.4882018],[7.2052114,51.4883279],[7.2047917,51.4891694],[7.2045729,51.4897824],[7.2050901,51.4898756],[7.205187,51.4896818],[7.2052814,51.4897017],[7.2054833,51.4896525],[7.205498,51.4896253],[7.2052449,51.489575],[7.2053104,51.4894392],[7.2056674,51.489501],[7.2058757,51.4893652],[7.2062277,51.4894408],[7.2067359,51.4895428],[7.2069485,51.4892445],[7.2071587,51.4892757],[7.2073196,51.4891947],[7.2074677,51.489147],[7.2079157,51.4888941],[7.208737,51.4884682],[7.2093356,51.4890354],[7.2083211,51.4896018],[7.2070184,51.4898817],[7.206793,51.4899146],[7.2065554,51.4917902],[7.2067789,51.491959],[7.207288,51.4919918],[7.2077681,51.4912652],[7.2091877,51.4914075],[7.2091156,51.4919193],[7.2093405,51.4919792],[7.2095796,51.4917406],[7.2096336,51.4917363],[7.2097674,51.4917594],[7.2097896,51.4917509],[7.2103547,51.4919083],[7.2103576,51.4919313],[7.210365,51.491996],[7.2103219,51.4920455],[7.2102896,51.4920461],[7.2102962,51.4921524],[7.2104973,51.4921951],[7.2104053,51.4926672],[7.2102632,51.4926924],[7.210206,51.4927031],[7.2103099,51.4936806],[7.2103582,51.4936898],[7.2103608,51.4936998],[7.2103741,51.4937983],[7.2103813,51.4938113],[7.2105791,51.4937965],[7.210705,51.4936463],[7.2107768,51.4936332],[7.2108883,51.4934024],[7.2108462,51.4927326],[7.2110297,51.492071],[7.213267,51.492042],[7.2131361,51.4927904]],[[7.2136196,51.492946],[7.2134124,51.4928536],[7.2133824,51.4928408],[7.2132886,51.492807],[7.2132374,51.4928018],[7.2131361,51.4927904]],[[7.2136196,51.492946],[7.2135382,51.4931505],[7.214062,51.4932306],[7.2143411,51.4932487],[7.2140299,51.4951068],[7.2135972,51.4950753],[7.2135545,51.49523],[7.2130815,51.4951837],[7.2130488,51.495356],[7.2130479,51.4953631],[7.213045,51.4953922],[7.213041,51.495439],[7.2130742,51.4956294],[7.2130662,51.4956795],[7.2131903,51.4957614],[7.2134259,51.4962657],[7.2132736,51.4966222],[7.2127119,51.4970298],[7.2121899,51.4983421]],[[7.202855,51.5073691],[7.2035401,51.5072352],[7.2041107,51.5075826],[7.2042088,51.508011],[7.2047386,51.5080647],[7.2073773,51.5071238],[7.2101143,51.5072621],[7.2115776,51.5076461],[7.2122015,51.5062201],[7.2126743,51.506303],[7.2127378,51.5061058],[7.2141338,51.506008],[7.2144984,51.5052195],[7.2156961,51.5048847],[7.2160999,51.5046874],[7.2160575,51.5044265],[7.216445,51.504294],[7.2163694,51.5042449],[7.2163277,51.5041616],[7.2163124,51.5041307],[7.2164571,51.5039665],[7.2178278,51.5042851],[7.2196184,51.5044313],[7.2226199,51.5045118],[7.2245613,51.5049785],[7.2255617,51.5038278],[7.2254226,51.5034695],[7.2249802,51.5034406],[7.2247137,51.5018996],[7.2238846,51.5017621],[7.2235307,51.5010487],[7.2205422,51.5015379],[7.2185727,51.5010451],[7.215318,51.5008681],[7.2136169,51.5005871],[7.2126853,51.5004435],[7.2127619,51.4995461],[7.2135701,51.4993626],[7.2135743,51.4990431],[7.2130485,51.4990055],[7.2121899,51.4983421]],[[7.2029822,51.5076811],[7.202855,51.5073691]],[[7.2032101,51.50824],[7.2029822,51.5076811]],[[7.1967114,51.5145576],[7.198282,51.5136969],[7.1996543,51.5115066],[7.1994614,51.511481],[7.1993065,51.5114316],[7.1990758,51.5113834],[7.1966495,51.5116028],[7.1973991,51.5125484],[7.1960425,51.5126414],[7.1959931,51.5123945],[7.1958837,51.5124248],[7.1944669,51.5124763],[7.1943183,51.5113017],[7.1987896,51.5108381],[7.2003065,51.5112009],[7.2011005,51.5094504],[7.2017331,51.5081918],[7.2021437,51.5082085],[7.2019459,51.5087361],[7.2021004,51.5090995],[7.2027068,51.5091545],[7.2032101,51.50824]],[[7.1967114,51.5145576],[7.1962309,51.5147545],[7.1960457,51.514824],[7.1958944,51.5149224],[7.1957122,51.5151085],[7.1949268,51.5155793],[7.1954486,51.5157912],[7.1940425,51.5174963]],[[7.1908264,51.5169423],[7.1911809,51.5170251],[7.1911866,51.5170141],[7.1912366,51.5170374],[7.1914246,51.5170751],[7.1914887,51.5170885],[7.1915966,51.5171132],[7.191629,51.5171204],[7.191913,51.5171683],[7.1919547,51.5171724],[7.1919804,51.5171743],[7.1921824,51.517236],[7.1922609,51.5172504],[7.1923865,51.5172608],[7.1926625,51.5173098],[7.1927339,51.5173105],[7.19284,51.5173034],[7.1933339,51.5173628],[7.1934023,51.5173854],[7.1937253,51.517434],[7.1939471,51.5174789],[7.1939831,51.5174853],[7.1940425,51.5174963]],[[7.1907288,51.5160054],[7.1907482,51.5161425],[7.1907321,51.5165918],[7.1907186,51.5165912],[7.1908264,51.5169423]],[[7.1899767,51.5116288],[7.1901075,51.5122775],[7.1902222,51.5127551],[7.1902577,51.5129206],[7.1902914,51.5130678],[7.1903375,51.5132314],[7.1903898,51.5134169],[7.1905345,51.5138698],[7.1905662,51.5139649],[7.1905871,51.5140806],[7.1904049,51.5141193],[7.1904358,51.5144446],[7.1906057,51.514469],[7.1907056,51.5158401],[7.1907288,51.5160054]],[[7.1900708,51.5095705],[7.1900663,51.5097773],[7.1899469,51.5107741],[7.1899261,51.5111609],[7.1899536,51.5114641],[7.1899767,51.5116288]],[[7.1779747,51.5061955],[7.1781252,51.5062355],[7.1793029,51.5065399],[7.1793027,51.5065715],[7.1793586,51.5065862],[7.179387,51.5065938],[7.1795521,51.5066371],[7.1796085,51.5066518],[7.1805416,51.5069017],[7.1809454,51.5069955],[7.1813658,51.5070913],[7.1817465,51.5071665],[7.1818348,51.5071811],[7.1819463,51.5071995],[7.1819468,51.5072095],[7.1819644,51.5072095],[7.1821956,51.5072097],[7.1824009,51.5072453],[7.1828834,51.5073005],[7.183051,51.5073166],[7.183605,51.5073715],[7.184075,51.507391],[7.1844645,51.5074039],[7.1848286,51.5074048],[7.1851025,51.5073994],[7.1858029,51.5073717],[7.1857519,51.507593],[7.1854495,51.5089376],[7.1858578,51.5089645],[7.1863826,51.5089895],[7.1864205,51.5088541],[7.1864927,51.5086076],[7.1875902,51.5087394],[7.1878274,51.508791],[7.1883496,51.5089463],[7.1890024,51.5091656],[7.1893463,51.5092812],[7.189384,51.5092977],[7.189816,51.5094729],[7.1898243,51.509476],[7.1899369,51.5095206],[7.1900708,51.5095705]],[[7.1782923,51.5058086],[7.1779747,51.5061955]],[[7.1794939,51.5034544],[7.1798961,51.5036861],[7.1801663,51.5045343],[7.1814209,51.5050388],[7.1812522,51.5054559],[7.1806073,51.5057916],[7.1804901,51.5064922],[7.1786372,51.5059063],[7.1782923,51.5058086]]]}},{"type":"Feature","properties":{"postal_code":"44791","note":"44791 Bochum","osm_id":2032008,"osm_type":"relation","boundary":"postal_code","dataConfidence":"osm-postal-boundary"},"geometry":{"type":"MultiLineString","coordinates":[[[7.2503709,51.4844012],[7.2526036,51.4848029],[7.2554925,51.485174]],[[7.2453848,51.4831313],[7.2478347,51.483945],[7.2497682,51.4842928],[7.2503709,51.4844012]],[[7.2357575,51.4813066],[7.240284,51.4817011],[7.242271,51.4820971],[7.2453848,51.4831313]],[[7.2225599,51.4836189],[7.234164,51.4819981],[7.2357575,51.4813066]],[[7.2190619,51.4856452],[7.2201355,51.4847534],[7.2225599,51.4836189]],[[7.2180323,51.4864958],[7.2171433,51.486341],[7.2170564,51.4862086],[7.217059,51.4861992],[7.2170933,51.4861067],[7.2170344,51.4859286],[7.2172046,51.4857914],[7.2175064,51.4858677],[7.2179736,51.4855701],[7.2187568,51.4857084],[7.2190619,51.4856452]],[[7.2156048,51.488099],[7.2159628,51.4879704],[7.2180323,51.4864958]],[[7.2138557,51.4886199],[7.2142643,51.4885803],[7.2156048,51.488099]],[[7.2097897,51.4885643],[7.2108864,51.4887783],[7.2123861,51.4887623],[7.2138557,51.4886199]],[[7.2051172,51.4872574],[7.2097897,51.4885643]],[[7.2051172,51.4872574],[7.2043243,51.4879071],[7.2048305,51.4880861],[7.2048568,51.4882018],[7.2052114,51.4883279],[7.2047917,51.4891694],[7.2045729,51.4897824],[7.2050901,51.4898756],[7.205187,51.4896818],[7.2052814,51.4897017],[7.2054833,51.4896525],[7.205498,51.4896253],[7.2052449,51.489575],[7.2053104,51.4894392],[7.2056674,51.489501],[7.2058757,51.4893652],[7.2062277,51.4894408],[7.2067359,51.4895428],[7.2069485,51.4892445],[7.2071587,51.4892757],[7.2073196,51.4891947],[7.2074677,51.489147],[7.2079157,51.4888941],[7.208737,51.4884682],[7.2093356,51.4890354],[7.2083211,51.4896018],[7.2070184,51.4898817],[7.206793,51.4899146],[7.2065554,51.4917902],[7.2067789,51.491959],[7.207288,51.4919918],[7.2077681,51.4912652],[7.2091877,51.4914075],[7.2091156,51.4919193],[7.2093405,51.4919792],[7.2095796,51.4917406],[7.2096336,51.4917363],[7.2097674,51.4917594],[7.2097896,51.4917509],[7.2103547,51.4919083],[7.2103576,51.4919313],[7.210365,51.491996],[7.2103219,51.4920455],[7.2102896,51.4920461],[7.2102962,51.4921524],[7.2104973,51.4921951],[7.2104053,51.4926672],[7.2102632,51.4926924],[7.210206,51.4927031],[7.2103099,51.4936806],[7.2103582,51.4936898],[7.2103608,51.4936998],[7.2103741,51.4937983],[7.2103813,51.4938113],[7.2105791,51.4937965],[7.210705,51.4936463],[7.2107768,51.4936332],[7.2108883,51.4934024],[7.2108462,51.4927326],[7.2110297,51.492071],[7.213267,51.492042],[7.2131361,51.4927904]],[[7.2136196,51.492946],[7.2134124,51.4928536],[7.2133824,51.4928408],[7.2132886,51.492807],[7.2132374,51.4928018],[7.2131361,51.4927904]],[[7.2136196,51.492946],[7.2135382,51.4931505],[7.214062,51.4932306],[7.2143411,51.4932487],[7.2140299,51.4951068],[7.2135972,51.4950753],[7.2135545,51.49523],[7.2130815,51.4951837],[7.2130488,51.495356],[7.2130479,51.4953631],[7.213045,51.4953922],[7.213041,51.495439],[7.2130742,51.4956294],[7.2130662,51.4956795],[7.2131903,51.4957614],[7.2134259,51.4962657],[7.2132736,51.4966222],[7.2127119,51.4970298],[7.2121899,51.4983421]],[[7.2121899,51.4983421],[7.2197495,51.4987105],[7.2239167,51.4983164],[7.229719,51.496773],[7.2329912,51.4946355],[7.2369251,51.4944471],[7.2385362,51.4944954],[7.2401698,51.494918],[7.2413502,51.4949668],[7.2446997,51.4951557],[7.2478643,51.4946901]],[[7.2478643,51.4946901],[7.2534033,51.4944414],[7.2560924,51.4943059]],[[7.2560924,51.4943059],[7.2568423,51.4937718],[7.2586327,51.4937191],[7.2590357,51.4937337],[7.259554,51.4937767],[7.2603581,51.4939652],[7.2624057,51.4952937],[7.2652925,51.4960021],[7.2691772,51.4965673],[7.2710585,51.4967238]],[[7.2710585,51.4967238],[7.273925,51.4969622],[7.289667,51.4968516]],[[7.289667,51.4968516],[7.2980079,51.4967769]],[[7.2981289,51.4967751],[7.2980079,51.4967769]],[[7.286858,51.4862605],[7.2880723,51.4869444],[7.2875278,51.4875175],[7.2885291,51.4879803],[7.2892978,51.4883499],[7.2891489,51.4885047],[7.2898672,51.4888475],[7.2897587,51.488842],[7.2894644,51.4888657],[7.2890544,51.4888945],[7.2889114,51.4890178],[7.2892368,51.4891653],[7.289352,51.4892433],[7.2894331,51.4893227],[7.2894944,51.4894929],[7.2897146,51.4896121],[7.289735,51.4896668],[7.2899027,51.4897636],[7.2899067,51.4898158],[7.2900614,51.4899813],[7.2900764,51.4900305],[7.2900593,51.4901512],[7.2900979,51.4901941],[7.2901919,51.4902613],[7.2903422,51.4903387],[7.2903494,51.4903721],[7.2904005,51.4903918],[7.2904359,51.4904353],[7.2903575,51.4904892],[7.2903504,51.4905212],[7.2903749,51.4905645],[7.2903868,51.4905742],[7.2905757,51.4906411],[7.2906283,51.490672],[7.2907195,51.4907084],[7.290852,51.4908061],[7.2912077,51.4910391],[7.2912663,51.4910862],[7.2913126,51.4911418],[7.2913304,51.491188],[7.2913392,51.4912742],[7.2913167,51.4915377],[7.2913187,51.4916083],[7.2913869,51.4916947],[7.2917675,51.4920796],[7.2918148,51.492123],[7.2918348,51.4921672],[7.2918565,51.4922745],[7.2918776,51.4923182],[7.2919335,51.4923914],[7.2919897,51.4924639],[7.2920254,51.492502],[7.2921974,51.4926688],[7.2922537,51.4926364],[7.2924122,51.4925687],[7.2926182,51.4927414],[7.292769,51.4928912],[7.2949541,51.4943943],[7.2956548,51.4948856],[7.2955519,51.4949041],[7.2977861,51.4963953],[7.2977565,51.4964042],[7.2975717,51.496407],[7.2981289,51.4967751]],[[7.286858,51.4862605],[7.2850199,51.4868176],[7.2838219,51.4870384],[7.2830784,51.4870727],[7.2823864,51.4872313]],[[7.2823864,51.4872313],[7.2822019,51.4865428],[7.2837175,51.4859264],[7.2798822,51.4837055],[7.2793217,51.4830636]],[[7.2794045,51.4818108],[7.2792596,51.4828247],[7.2793217,51.4830636]],[[7.2782701,51.4819639],[7.2785648,51.4819748],[7.2785772,51.4820057],[7.278586,51.4819756],[7.2788279,51.4819715],[7.2788378,51.4818822],[7.2791499,51.4818442],[7.2794045,51.4818108]],[[7.2641873,51.4833741],[7.2650736,51.4831798],[7.2654243,51.4830908],[7.265433,51.4830662],[7.2654323,51.4830403],[7.265541,51.4830123],[7.2655524,51.4830228],[7.2655711,51.4830324],[7.2655939,51.4830399],[7.2656147,51.483047],[7.2656704,51.4830533],[7.2656992,51.4830512],[7.265728,51.483047],[7.2667902,51.4828098],[7.2674373,51.4826854],[7.2692437,51.482378],[7.269797,51.482302],[7.2703133,51.4822442],[7.2712872,51.4821942],[7.271406,51.4822285],[7.2720986,51.4822188],[7.2720474,51.4821903],[7.2730285,51.4821507],[7.2733287,51.4821155],[7.2735826,51.4820517],[7.2755466,51.4819595],[7.2762221,51.4819546],[7.2773393,51.4819306],[7.2782701,51.4819639]],[[7.2557708,51.4851383],[7.2566199,51.4850489],[7.2573538,51.4849436],[7.2580484,51.4848134],[7.2587918,51.4846492],[7.2593578,51.4845169],[7.2599258,51.484377],[7.2611234,51.4841198],[7.262154,51.4838721],[7.2626809,51.4837874],[7.2626971,51.483759],[7.2630606,51.4836679],[7.2634723,51.4835418],[7.2641873,51.4833741]],[[7.2554925,51.485174],[7.2557708,51.4851383]]]}},{"type":"Feature","properties":{"postal_code":"44787","note":"44787 Bochum","osm_id":2045974,"osm_type":"relation","boundary":"postal_code","dataConfidence":"osm-postal-boundary"},"geometry":{"type":"MultiLineString","coordinates":[[[7.2107734,51.4728502],[7.2285863,51.4809248],[7.2357575,51.4813066]],[[7.2051172,51.4872574],[7.2099053,51.4827316],[7.2119291,51.4808474],[7.2122729,51.4803905],[7.2118225,51.4802646],[7.2118096,51.4801228],[7.2111329,51.4799776],[7.2104487,51.4802831],[7.2096911,51.4801309],[7.2099324,51.4797056],[7.210554,51.4797594],[7.2112174,51.4796937],[7.2115628,51.4797781],[7.2115245,51.4798404],[7.2114542,51.4799566],[7.2114449,51.479987],[7.21164,51.4800281],[7.2117481,51.4798288],[7.2124971,51.4800923],[7.2128086,51.4796783],[7.2129675,51.4794493],[7.2132163,51.4794912],[7.2133002,51.4794089],[7.2136209,51.47934],[7.2135915,51.4792305],[7.2140067,51.4790723],[7.2140826,51.4789038],[7.2137588,51.4788357],[7.2137342,51.478521],[7.2131494,51.4784812],[7.213026,51.4775724],[7.2130932,51.477498],[7.2130752,51.477329],[7.2127803,51.4763788],[7.2125559,51.475309],[7.2116345,51.4744184],[7.2101697,51.4733201],[7.2107734,51.4728502]],[[7.2051172,51.4872574],[7.2097897,51.4885643]],[[7.2097897,51.4885643],[7.2108864,51.4887783],[7.2123861,51.4887623],[7.2138557,51.4886199]],[[7.2138557,51.4886199],[7.2142643,51.4885803],[7.2156048,51.488099]],[[7.2156048,51.488099],[7.2159628,51.4879704],[7.2180323,51.4864958]],[[7.2180323,51.4864958],[7.2171433,51.486341],[7.2170564,51.4862086],[7.217059,51.4861992],[7.2170933,51.4861067],[7.2170344,51.4859286],[7.2172046,51.4857914],[7.2175064,51.4858677],[7.2179736,51.4855701],[7.2187568,51.4857084],[7.2190619,51.4856452]],[[7.2190619,51.4856452],[7.2201355,51.4847534],[7.2225599,51.4836189]],[[7.2225599,51.4836189],[7.234164,51.4819981],[7.2357575,51.4813066]]]}},{"type":"Feature","properties":{"postal_code":"44866","note":"44866 Bochum","osm_id":2103444,"osm_type":"relation","boundary":"postal_code","dataConfidence":"osm-postal-boundary"},"geometry":{"type":"MultiLineString","coordinates":[[[7.1020817,51.4809374],[7.1022156,51.4809137],[7.1023111,51.4808769],[7.1023947,51.4807959],[7.1024546,51.4806729],[7.1027554,51.4806484],[7.1028791,51.480489],[7.1029092,51.4804896],[7.1029437,51.4804466],[7.10321,51.480466],[7.1032264,51.4804391],[7.1033484,51.4804502],[7.1035046,51.4804528],[7.10366,51.4804114],[7.10373,51.4803783],[7.1038657,51.4802769],[7.1040247,51.480199],[7.1042461,51.4800054],[7.1042273,51.4799976],[7.1042996,51.479926],[7.104426,51.4797052],[7.1046199,51.4794748],[7.1047206,51.4794138],[7.1047217,51.4794148],[7.1048639,51.4793571],[7.1049915,51.4792595],[7.1051196,51.4792301],[7.1051442,51.4792177],[7.1051482,51.4791431],[7.1051563,51.4790973],[7.1052892,51.4790128],[7.1054524,51.478802],[7.1055659,51.4786777],[7.105623,51.478653],[7.1056632,51.4785945],[7.1056478,51.4785632],[7.105598,51.4785059],[7.1056216,51.4784533],[7.1056739,51.4784091],[7.1057302,51.478402],[7.105737,51.4783727],[7.1055871,51.4782348],[7.1055499,51.478212],[7.1054989,51.4781234],[7.105521,51.4780978],[7.1055883,51.4780754],[7.1057745,51.4781272],[7.1058241,51.4781243],[7.1058577,51.4781055],[7.1059254,51.4780332],[7.1059301,51.4780077],[7.1059877,51.4779406],[7.1059933,51.4778759],[7.1060732,51.4778171],[7.1060722,51.4777906],[7.1061139,51.477761],[7.1061505,51.477649],[7.1062553,51.4776087],[7.1063579,51.4775807],[7.1064901,51.4775634],[7.106551,51.4775166],[7.1065612,51.4775099],[7.1066533,51.4774821],[7.1067628,51.4774616],[7.1068072,51.4774585],[7.1068608,51.4774464],[7.1069728,51.4773145],[7.1070184,51.477274],[7.1069507,51.4772017],[7.1069152,51.4771449],[7.1069333,51.4770926],[7.106946,51.4770852],[7.1069627,51.4770806],[7.1070331,51.4770877],[7.1070633,51.4770752],[7.1070613,51.4770355],[7.1071076,51.4769916],[7.1071801,51.4769033],[7.1071974,51.4768939],[7.1073027,51.4768663],[7.1073215,51.4768709],[7.1073733,51.4768781],[7.1074717,51.4768404],[7.1074817,51.4768505],[7.107534,51.4768413],[7.1075295,51.4768343],[7.1077065,51.4768808],[7.1077531,51.476878],[7.1077748,51.4768626],[7.107782,51.4766985],[7.107874,51.4767001],[7.1079491,51.476692],[7.1080229,51.4766554],[7.1081295,51.4765792],[7.108169,51.4764917],[7.1081878,51.4764303],[7.1081526,51.476409],[7.1082019,51.476338],[7.1082533,51.4762317],[7.1083019,51.4761837],[7.1084969,51.4760782],[7.1085459,51.4760966],[7.108617,51.4760941],[7.1087095,51.4760782],[7.1087157,51.4760709],[7.1087022,51.476043],[7.108611,51.4760392],[7.1086438,51.475912],[7.1086512,51.4758389],[7.1085461,51.4757136],[7.1085332,51.4755423],[7.1086731,51.4754187],[7.1090051,51.4752952],[7.1092173,51.4751695],[7.1092158,51.4750801],[7.1093289,51.4751049],[7.1095154,51.4750425],[7.109737,51.4747848],[7.1101256,51.4747091],[7.1104656,51.4744041],[7.1106598,51.4744118],[7.1108155,51.4743553],[7.1108476,51.4742768],[7.111088,51.474081],[7.1111575,51.4740595],[7.111298,51.4739636],[7.1114132,51.4738592],[7.1115147,51.473667],[7.1116526,51.4735585],[7.112077,51.4734964],[7.1123026,51.473558],[7.1124238,51.4734645],[7.112532,51.4734819],[7.1126035,51.4734542],[7.1126658,51.4733697],[7.11285,51.4732969],[7.1129418,51.4732079],[7.1131414,51.4731335],[7.1130979,51.4730421],[7.1132217,51.4729036],[7.1133905,51.4726334],[7.1133254,51.4725547],[7.11338,51.4724337],[7.1134899,51.4723731],[7.1135991,51.4723003],[7.1137596,51.4722363],[7.1139749,51.4721079],[7.1140572,51.4720106],[7.1140677,51.4719684]],[[7.111815,51.4854908],[7.1111597,51.4853063],[7.1103222,51.4849969],[7.1101298,51.4849258],[7.110062,51.4849133],[7.1099252,51.484859],[7.1095355,51.4847207],[7.1094951,51.4847064],[7.1080392,51.4842361],[7.1075163,51.4840615],[7.1064414,51.4836994],[7.1056805,51.4834237],[7.1054393,51.4832929],[7.1052674,51.4832687],[7.1048582,51.483083],[7.1042405,51.4827544],[7.1038584,51.4825321],[7.1034785,51.4822889],[7.103328,51.4821797],[7.1030641,51.4819949],[7.1024863,51.4815518],[7.1023147,51.4813782],[7.1022786,51.4812602],[7.1020817,51.4809374]],[[7.1257073,51.4889215],[7.1255073,51.4888079],[7.1254236,51.488933],[7.1254054,51.488928],[7.125303,51.4890496],[7.1242004,51.4887831],[7.1240793,51.4889635],[7.1237629,51.4888956],[7.1232769,51.4888044],[7.1227385,51.488679],[7.121884,51.4885158],[7.1212295,51.4884016],[7.1210143,51.4883909],[7.1208008,51.4883432],[7.1203687,51.488216],[7.119929,51.4880223],[7.119845,51.4879979],[7.1197544,51.4879975],[7.1195636,51.4879447],[7.1195435,51.4879082],[7.1189034,51.4876757],[7.1187789,51.4876092],[7.1186894,51.4875343],[7.1186829,51.4874903],[7.1186607,51.4875339],[7.1184775,51.487418],[7.1184065,51.4873584],[7.1182889,51.4873999],[7.1182713,51.4874696],[7.1183212,51.487558],[7.118547,51.4877104],[7.117022,51.4872515],[7.1125979,51.4857859],[7.1119658,51.4856002],[7.111815,51.4854908]],[[7.1377895,51.4913024],[7.1374661,51.4912605],[7.136638,51.4911995],[7.1362282,51.4911506],[7.1355303,51.4910346],[7.1348301,51.4909065],[7.1348194,51.4908527],[7.1336242,51.4906303],[7.1336997,51.4903713],[7.1302937,51.4897492],[7.1282575,51.4894167],[7.1277125,51.489276],[7.1269619,51.4891169],[7.1266197,51.4890631],[7.1262915,51.4890206],[7.1262922,51.489012],[7.1257073,51.4889215]],[[7.1378991,51.4953868],[7.1379452,51.4952798],[7.1381207,51.494242],[7.1379053,51.4942045],[7.1380418,51.4938354],[7.1380954,51.4930304],[7.1378485,51.4930227],[7.1376753,51.4930164],[7.1377743,51.4915976],[7.1377895,51.4913024]],[[7.1382284,51.4991906],[7.1383646,51.4990235],[7.1383859,51.4988913],[7.1384692,51.4986815],[7.1384304,51.4986732],[7.1383948,51.4985994],[7.1383601,51.4986919],[7.1377145,51.4985088],[7.137876,51.4981737],[7.1378703,51.4980889],[7.1379026,51.4979881],[7.137756,51.497123],[7.1376746,51.4968034],[7.1377924,51.496486],[7.1377838,51.4962395],[7.1377988,51.4961665],[7.1378147,51.4960357],[7.1378991,51.4953868]],[[7.1395635,51.5055504],[7.1392776,51.5054404],[7.1387407,51.5058184],[7.1385297,51.5059704],[7.1380558,51.5056044],[7.1379088,51.5054974],[7.1378178,51.5054364],[7.1373689,51.5051355],[7.1372559,51.5050585],[7.1371669,51.5050015],[7.1378648,51.5024118],[7.1378858,51.5023348],[7.1377004,51.5019805],[7.1377984,51.5016571],[7.1378978,51.5012647],[7.137845,51.5010607],[7.1377917,51.5008693],[7.1377255,51.5007143],[7.1377348,51.5005171],[7.1379865,51.4998641],[7.1380597,51.4996755],[7.138226,51.4992287],[7.1382284,51.4991906]],[[7.1395635,51.5055504],[7.1404804,51.5059174],[7.1405814,51.5058594],[7.1406554,51.5057984],[7.1410053,51.5055054],[7.1411943,51.5055694],[7.1413353,51.5056614],[7.1415252,51.5057874],[7.1418482,51.5060014],[7.1419872,51.5059014],[7.14332,51.5049485],[7.1448808,51.5054693],[7.1451969,51.5047336],[7.1497565,51.5053683],[7.1498791,51.5051821],[7.1501671,51.5052343],[7.1502445,51.5052566],[7.1507213,51.5045214],[7.1508195,51.5043507],[7.1509101,51.5042388],[7.1510071,51.5041386]],[[7.1510071,51.5041386],[7.1497865,51.5036834],[7.1504729,51.5029208],[7.1510951,51.5024858],[7.1515383,51.5022509],[7.1518902,51.5021103]],[[7.1518902,51.5021103],[7.1533654,51.5014847],[7.1529898,51.5009273],[7.1530654,51.5001717]],[[7.1530654,51.5001717],[7.1530741,51.4994196],[7.1533654,51.4985606],[7.1503669,51.4974725],[7.1505071,51.4974103]],[[7.1639702,51.494495],[7.1613351,51.4961158],[7.1562702,51.4986152],[7.1505071,51.4974103]],[[7.166536,51.4929264],[7.1660389,51.4932312],[7.1639702,51.494495]],[[7.1720023,51.4864494],[7.1725375,51.4875641],[7.1736885,51.4885397],[7.166536,51.4929264]],[[7.1692009,51.4843782],[7.1690667,51.4844434],[7.1690311,51.4844325],[7.1690136,51.48443],[7.1689941,51.4844292],[7.1689714,51.4844313],[7.1689513,51.4844348],[7.1689211,51.4844484],[7.1684711,51.4846747],[7.1684852,51.4846826],[7.1699058,51.4853967],[7.1720023,51.4864494]],[[7.168703,51.483855],[7.1693491,51.4841272],[7.1691587,51.4842889],[7.1692514,51.4843437],[7.1692009,51.4843782]],[[7.168703,51.483855],[7.1703534,51.4818764],[7.1707008,51.4818996],[7.1710894,51.4819171]],[[7.1731193,51.4815687],[7.1729154,51.4819532],[7.1717246,51.4819132],[7.1710894,51.4819171]],[[7.173161,51.480332],[7.1737001,51.480809],[7.1731193,51.4815687]],[[7.1166329,51.4724825],[7.1166838,51.4722028],[7.1250776,51.4740341],[7.131069,51.4745631],[7.1433671,51.4745016],[7.1451846,51.4747076],[7.14498,51.4756173],[7.1450657,51.4757173],[7.1449748,51.4758545],[7.1439137,51.4756562],[7.1436394,51.4763203],[7.1433896,51.4765952],[7.1436415,51.4767223],[7.1438546,51.4768744],[7.1437379,51.4769186],[7.1410018,51.4776873],[7.1413281,51.478042],[7.1436695,51.4773915],[7.1446201,51.4769187],[7.1452346,51.4760484],[7.1456472,51.4761604],[7.1460109,51.4757073],[7.1463797,51.4748012],[7.1499697,51.4750825],[7.1581229,51.4766213],[7.164701,51.4786121],[7.1674651,51.479343],[7.173161,51.480332]],[[7.1166329,51.4724825],[7.1166241,51.4724772],[7.1150011,51.4720968],[7.1148352,51.4720521],[7.1148295,51.47206],[7.1146633,51.4720323],[7.1145514,51.4720189],[7.1141376,51.4719876],[7.114079,51.4719849],[7.1140847,51.4719678],[7.1140677,51.4719684]]]}},{"type":"Feature","properties":{"postal_code":"44793","note":"44793 Bochum","osm_id":2106910,"osm_type":"relation","boundary":"postal_code","dataConfidence":"osm-postal-boundary"},"geometry":{"type":"MultiLineString","coordinates":[[[7.1518902,51.5021103],[7.1520336,51.5024212],[7.1521829,51.5027431],[7.152337,51.5030792]],[[7.152337,51.5030792],[7.1524148,51.503248],[7.1524942,51.503414],[7.1525745,51.5035825],[7.152648,51.5037427],[7.1526505,51.5037488],[7.1526603,51.5037715],[7.1526702,51.5037942],[7.1526653,51.5038084],[7.1525401,51.5041836],[7.1525911,51.504366],[7.1530991,51.5047725],[7.1532491,51.5048924],[7.1532959,51.5049297],[7.1533952,51.5052987],[7.1534426,51.5054739],[7.1535155,51.5057454],[7.1535882,51.506011],[7.1539979,51.5060511],[7.1540769,51.5060586],[7.1542134,51.5060717],[7.1547459,51.5061227],[7.1548447,51.5061323],[7.1548844,51.5061359],[7.1549367,51.5061317],[7.1549827,51.5061279],[7.1550266,51.5061321],[7.1551133,51.5061407],[7.1552205,51.5061513],[7.156086,51.5062361],[7.15613,51.5062404],[7.1559023,51.5064935],[7.1558606,51.5065293],[7.1559327,51.5065539],[7.1565774,51.5067731],[7.1566045,51.5067825],[7.1573024,51.5069211],[7.1575051,51.5069605],[7.1575576,51.5069623],[7.1576102,51.5069646],[7.1578912,51.5069741],[7.1584892,51.5070895],[7.1587649,51.5071313],[7.1597295,51.5066913],[7.1598795,51.5066153],[7.1600685,51.5065163],[7.1601749,51.5063865],[7.1603974,51.5063444]],[[7.1603974,51.5063444],[7.1605054,51.5067033],[7.1605268,51.5074019],[7.1605854,51.5074095],[7.1607175,51.5084057],[7.1607296,51.5084466],[7.1607734,51.5087674],[7.1612443,51.5083101],[7.1615427,51.5081073],[7.1616187,51.5080533],[7.1619442,51.5078582],[7.1619554,51.507895],[7.1624592,51.507595],[7.1629761,51.5072719],[7.1630152,51.5072959],[7.163101,51.5072436],[7.1633018,51.5070996],[7.1638699,51.5067918],[7.1638876,51.5067817],[7.1638809,51.5067329],[7.163872,51.5066709],[7.1638648,51.5066358],[7.1638405,51.5066277],[7.1638561,51.5066174],[7.1639379,51.5066231],[7.163978,51.5065934]],[[7.163978,51.5065934],[7.1640905,51.5065115],[7.1641193,51.5064892],[7.1641347,51.5064786],[7.1645944,51.506147],[7.1652381,51.5056981],[7.165282,51.5056647],[7.1656911,51.5054039],[7.1659514,51.5052524],[7.1661958,51.5050919],[7.1665663,51.5049193],[7.1669469,51.5047599],[7.1672219,51.5046661],[7.1676785,51.5045181],[7.1680663,51.5044386],[7.1684662,51.5043789],[7.1687508,51.5043383],[7.1689275,51.5043248],[7.1691999,51.5043158],[7.1693089,51.5043122],[7.169394,51.5043099],[7.1694894,51.5043074],[7.1697408,51.5043031],[7.1699614,51.5043106],[7.1703081,51.5043386],[7.1705893,51.5043703],[7.1708853,51.5044074],[7.1711143,51.5044504],[7.1714021,51.5045122],[7.1720788,51.5046884],[7.1721999,51.5047202],[7.1732913,51.5050148],[7.1734766,51.5050632],[7.1735951,51.5049595],[7.1743331,51.5051502],[7.1745668,51.5052374],[7.1752752,51.5054216],[7.1753117,51.5054807],[7.1753207,51.5054932],[7.1753126,51.5055287],[7.1753892,51.5055463],[7.1757959,51.5056477],[7.1758828,51.5056691],[7.1762615,51.505761],[7.1763009,51.5057706],[7.1768886,51.5059107],[7.1776853,51.5061198],[7.1779107,51.5061784],[7.1779747,51.5061955]],[[7.1782923,51.5058086],[7.1779747,51.5061955]],[[7.1794939,51.5034544],[7.1798961,51.5036861],[7.1801663,51.5045343],[7.1814209,51.5050388],[7.1812522,51.5054559],[7.1806073,51.5057916],[7.1804901,51.5064922],[7.1786372,51.5059063],[7.1782923,51.5058086]],[[7.1817896,51.4994784],[7.1819348,51.499561],[7.1819645,51.4995823],[7.1819877,51.4996019],[7.1820068,51.4996206],[7.1820225,51.4996396],[7.1820293,51.4996578],[7.1823162,51.4998144],[7.1819653,51.5003648],[7.1819301,51.5004201],[7.1818974,51.5004714],[7.1818851,51.5004906],[7.1818451,51.5005534],[7.1818177,51.5005964],[7.182079,51.5006612],[7.181931,51.5008589],[7.1810368,51.5019134],[7.1794939,51.5034544]],[[7.1817896,51.4994784],[7.1818079,51.49947],[7.1817816,51.4994119],[7.1819068,51.4993924],[7.181959,51.4993818],[7.1820124,51.4993676],[7.182028,51.4993608],[7.1836982,51.4985309],[7.1850257,51.4978671],[7.1851761,51.496468],[7.1851357,51.4962594],[7.1846549,51.495135]],[[7.1846549,51.495135],[7.1846393,51.4950746],[7.1846442,51.4949599],[7.1847272,51.4948739]],[[7.1847272,51.4948739],[7.1852182,51.4950418],[7.1855586,51.4951553],[7.185801,51.4948661]],[[7.185801,51.4948661],[7.1855689,51.4945849],[7.1848018,51.4932026],[7.1851707,51.490613],[7.1848855,51.4879443],[7.184133,51.4866544],[7.1849492,51.4863429],[7.1859198,51.4849537],[7.1927141,51.4847618],[7.1963477,51.4849642],[7.1968547,51.4850392],[7.198711,51.4853137],[7.2008676,51.485976],[7.2051172,51.4872574]],[[7.2051172,51.4872574],[7.2099053,51.4827316],[7.2119291,51.4808474],[7.2122729,51.4803905],[7.2118225,51.4802646],[7.2118096,51.4801228],[7.2111329,51.4799776],[7.2104487,51.4802831],[7.2096911,51.4801309],[7.2099324,51.4797056],[7.210554,51.4797594],[7.2112174,51.4796937],[7.2115628,51.4797781],[7.2115245,51.4798404],[7.2114542,51.4799566],[7.2114449,51.479987],[7.21164,51.4800281],[7.2117481,51.4798288],[7.2124971,51.4800923],[7.2128086,51.4796783],[7.2129675,51.4794493],[7.2132163,51.4794912],[7.2133002,51.4794089],[7.2136209,51.47934],[7.2135915,51.4792305],[7.2140067,51.4790723],[7.2140826,51.4789038],[7.2137588,51.4788357],[7.2137342,51.478521],[7.2131494,51.4784812],[7.213026,51.4775724],[7.2130932,51.477498],[7.2130752,51.477329],[7.2127803,51.4763788],[7.2125559,51.475309],[7.2116345,51.4744184],[7.2101697,51.4733201],[7.2107734,51.4728502]],[[7.2114096,51.472212],[7.2108679,51.4726148],[7.2107734,51.4728502]],[[7.1989519,51.4692279],[7.209403,51.4720386],[7.2095203,51.4719099],[7.2072693,51.4710733],[7.2052959,51.470372],[7.2051078,51.4703175],[7.2049928,51.470269],[7.2050451,51.4702216],[7.205155,51.4702684],[7.2053269,51.4703503],[7.2095259,51.4719035],[7.2098219,51.4715477],[7.2100532,51.4713718],[7.2102674,51.4711833],[7.2102741,51.4711779],[7.2104084,51.4712379],[7.210832,51.4712508],[7.2111525,51.4714056],[7.2110559,51.4714869],[7.2112446,51.4715835],[7.2113563,51.4716464],[7.2115114,51.4716975],[7.2115171,51.4716931],[7.2116215,51.4717448],[7.2116668,51.4717633],[7.2119742,51.4714973],[7.2117711,51.4713908],[7.2119145,51.4712465],[7.2120087,51.4711681],[7.2124621,51.4713227],[7.2121072,51.4716186],[7.2122832,51.4717014],[7.2121479,51.4717998],[7.2119839,51.4717244],[7.2114096,51.472212]],[[7.1958769,51.4685511],[7.1989519,51.4692279]],[[7.1955589,51.4685124],[7.1958769,51.4685511]],[[7.1943572,51.4683593],[7.1955589,51.4685124]],[[7.1812873,51.4657729],[7.1825961,51.4660437],[7.1841387,51.4663528],[7.1847213,51.4664787],[7.1849904,51.4665472],[7.1851994,51.4665645],[7.1859008,51.4666359],[7.1863813,51.466696],[7.1867517,51.4667813],[7.1868295,51.4667813],[7.1870468,51.4666948],[7.1870687,51.4666267],[7.1871256,51.4666377],[7.1871507,51.46675],[7.1869876,51.466886],[7.1875913,51.4670312],[7.1877242,51.4670621],[7.1882129,51.4671731],[7.1883477,51.467204],[7.1888251,51.4673019],[7.189043,51.4673452],[7.1898624,51.4674872],[7.1900712,51.4675261],[7.1903542,51.467581],[7.1904511,51.4676187],[7.1906409,51.4676602],[7.1908609,51.4677047],[7.1915219,51.4678369],[7.1934391,51.4682063],[7.193568,51.4682285],[7.1939676,51.4683068],[7.1941732,51.4683473],[7.1941796,51.4683396],[7.1943572,51.4683593]],[[7.1715517,51.4655154],[7.1719365,51.4654452],[7.1725707,51.4653444],[7.1739025,51.4652517],[7.1745639,51.4652662],[7.1745722,51.4653333],[7.1746154,51.4653401],[7.1746917,51.4653935],[7.1747072,51.4654125],[7.1747744,51.4653322],[7.1748165,51.4653182],[7.174929,51.4653254],[7.1749921,51.4653679],[7.175012,51.4653836],[7.1750412,51.4653039],[7.1752315,51.4652973],[7.1757113,51.4653457],[7.1757285,51.4653493],[7.1758703,51.4653674],[7.1758761,51.4652937],[7.1759715,51.4652965],[7.1761535,51.4653149],[7.177082,51.4653936],[7.1779692,51.4654822],[7.1792024,51.465691],[7.1792358,51.4657079],[7.1791857,51.4658257],[7.1792409,51.4657843],[7.179356,51.4657442],[7.1794362,51.4657353],[7.1797171,51.4657851],[7.1799153,51.4658313],[7.1800474,51.4658954],[7.1801018,51.4659556],[7.1801982,51.4659179],[7.1805455,51.4660122],[7.1806016,51.4659675],[7.1807176,51.4659436],[7.1809223,51.4659849],[7.1811253,51.4660408],[7.1812873,51.4657729]],[[7.1701128,51.465842],[7.1703181,51.4657879],[7.1704455,51.465757],[7.170974,51.465632],[7.1712399,51.4655739],[7.1715517,51.4655154]],[[7.1615663,51.4688603],[7.168282,51.4662054],[7.1701128,51.465842]],[[7.1619068,51.4694467],[7.1612,51.4690838],[7.1614116,51.4690047],[7.1615195,51.4688866],[7.1615295,51.4688773],[7.1615406,51.46887],[7.1615663,51.4688603]],[[7.1650523,51.4756557],[7.1658143,51.4744679],[7.1660265,51.4741385],[7.1659737,51.4740516],[7.165633,51.4739568],[7.1664477,51.472721],[7.1669007,51.4720341],[7.1665428,51.4718941],[7.1663742,51.4718127],[7.1659509,51.4716347],[7.1658446,51.47158],[7.1654055,51.471316],[7.1644909,51.4708902],[7.1643266,51.4708363],[7.1642795,51.4708147],[7.1633538,51.4704078],[7.1631719,51.4703049],[7.1629134,51.4701427],[7.1626373,51.470004],[7.162082,51.4696332],[7.1618541,51.4694689],[7.1618194,51.4694476],[7.1618504,51.4694384],[7.1618858,51.4694403],[7.1619068,51.4694467]],[[7.1716473,51.4793895],[7.1684504,51.4789574],[7.1541595,51.4754693],[7.1545887,51.4742765],[7.1544868,51.4734044],[7.1562999,51.4721213],[7.1613144,51.4734007],[7.1618608,51.4736099],[7.1628693,51.4740832],[7.1640958,51.4749464],[7.1650523,51.4756557]],[[7.1721473,51.4795872],[7.1716473,51.4793895]],[[7.173161,51.480332],[7.1725759,51.4797688],[7.1724609,51.4797114],[7.1721473,51.4795872]],[[7.173161,51.480332],[7.1737001,51.480809],[7.1731193,51.4815687]],[[7.1731193,51.4815687],[7.1729154,51.4819532],[7.1717246,51.4819132],[7.1710894,51.4819171]],[[7.168703,51.483855],[7.1703534,51.4818764],[7.1707008,51.4818996],[7.1710894,51.4819171]],[[7.168703,51.483855],[7.1693491,51.4841272],[7.1691587,51.4842889],[7.1692514,51.4843437],[7.1692009,51.4843782]],[[7.1692009,51.4843782],[7.1690667,51.4844434],[7.1690311,51.4844325],[7.1690136,51.48443],[7.1689941,51.4844292],[7.1689714,51.4844313],[7.1689513,51.4844348],[7.1689211,51.4844484],[7.1684711,51.4846747],[7.1684852,51.4846826],[7.1699058,51.4853967],[7.1720023,51.4864494]],[[7.1720023,51.4864494],[7.1725375,51.4875641],[7.1736885,51.4885397],[7.166536,51.4929264]],[[7.166536,51.4929264],[7.1660389,51.4932312],[7.1639702,51.494495]],[[7.1639702,51.494495],[7.1613351,51.4961158],[7.1562702,51.4986152],[7.1505071,51.4974103]],[[7.1530654,51.5001717],[7.1530741,51.4994196],[7.1533654,51.4985606],[7.1503669,51.4974725],[7.1505071,51.4974103]],[[7.1518902,51.5021103],[7.1533654,51.5014847],[7.1529898,51.5009273],[7.1530654,51.5001717]]]}},{"type":"Feature","properties":{"postal_code":"44789","note":"44789 Bochum","osm_id":2133271,"osm_type":"relation","boundary":"postal_code","dataConfidence":"osm-postal-boundary"},"geometry":{"type":"MultiLineString","coordinates":[[[7.1989519,51.4692279],[7.1998542,51.4676153],[7.1986137,51.4668816],[7.1975542,51.4665843]],[[7.1975542,51.4665843],[7.1977116,51.4660482]],[[7.2029693,51.467587],[7.2019011,51.4673934],[7.2009806,51.4671518],[7.1999782,51.4667895],[7.1988512,51.4663733],[7.1984648,51.4662818],[7.1980215,51.4662456],[7.1977116,51.4660482]],[[7.2073466,51.467766],[7.2070485,51.4679359],[7.2060492,51.4681942],[7.2050721,51.4682742],[7.2046021,51.4682769],[7.2037165,51.4682669],[7.2037274,51.4679898],[7.2037385,51.4677079],[7.2029693,51.467587]],[[7.2061308,51.4655745],[7.2065649,51.4655718],[7.2069183,51.4657945],[7.2071101,51.4668464],[7.2076803,51.4674702],[7.2073466,51.467766]],[[7.2061036,51.4654176],[7.2053605,51.4654162],[7.2052344,51.4650302],[7.2039389,51.46494],[7.2039336,51.4652925],[7.204234,51.4659024],[7.2055349,51.4659275],[7.2055402,51.4655783],[7.2061308,51.4655745]],[[7.206934,51.4653866],[7.2065634,51.4654143],[7.2063798,51.4654156],[7.2061036,51.4654176]],[[7.2080713,51.4653014],[7.206934,51.4653866]],[[7.2104999,51.4638025],[7.2103982,51.4640324],[7.2092512,51.4646305],[7.2080713,51.4653014]],[[7.2108868,51.4624575],[7.2106033,51.4634224],[7.2104999,51.4638025]],[[7.2102213,51.4581986],[7.2099338,51.458393],[7.2099878,51.459873],[7.2103687,51.4604467],[7.2104591,51.4606941],[7.2104665,51.4610248],[7.2107834,51.4619555],[7.2108868,51.4624575]],[[7.2116659,51.4584251],[7.2108729,51.4583139],[7.2102213,51.4581986]],[[7.2185491,51.4550675],[7.2161894,51.4557787],[7.2134228,51.4574691],[7.2116659,51.4584251]],[[7.2185491,51.4550675],[7.2220836,51.4598497],[7.2231718,51.4611665],[7.2271843,51.4663802],[7.2274249,51.4663893],[7.2280539,51.465632],[7.2291909,51.464867],[7.2313675,51.4635479],[7.2315275,51.4634593],[7.2323641,51.4629323],[7.2322152,51.4628065],[7.2321279,51.462793],[7.2322631,51.4624025],[7.2323453,51.4623513],[7.2324146,51.4621739],[7.2328718,51.4622426],[7.2333376,51.4619316],[7.2340254,51.462298],[7.234578,51.4618946],[7.23508,51.4614467]],[[7.23508,51.4614467],[7.2348199,51.461784],[7.2342193,51.4625328],[7.2337786,51.4631939],[7.2335846,51.4631687],[7.2329165,51.4630492],[7.2322692,51.4634809],[7.2322531,51.4634916],[7.2320501,51.4636198],[7.2321155,51.463628],[7.2325617,51.4636877],[7.2325896,51.4636452],[7.2326548,51.463662],[7.2327023,51.4635203],[7.2328228,51.4635344],[7.2328542,51.4635342],[7.2330212,51.4635615]],[[7.233856,51.4636348],[7.2334034,51.4636037],[7.2334322,51.4635552],[7.2330212,51.4635615]],[[7.233856,51.4636348],[7.2337502,51.4640044],[7.2340549,51.4640095],[7.2345451,51.4640764],[7.2345134,51.4641643],[7.2352161,51.4642521],[7.2352634,51.4641513],[7.2358637,51.4642234],[7.236054,51.4642548],[7.2356814,51.4652388],[7.2353359,51.4651519],[7.234884,51.4651077],[7.2348153,51.4653451],[7.2350493,51.4653641],[7.2347395,51.4661074],[7.2343042,51.466004],[7.2341935,51.4662764],[7.2353178,51.4665007],[7.2352858,51.4667006],[7.2366158,51.4667924],[7.2365798,51.4668841],[7.2364879,51.4669797],[7.2366089,51.4672852],[7.2368495,51.4672777],[7.2369258,51.4676623],[7.2370204,51.4679196],[7.2371033,51.4682977]],[[7.2351162,51.4683301],[7.2351337,51.468345],[7.2351593,51.4683568],[7.2351828,51.4683628],[7.2352199,51.4683669],[7.2359489,51.4683531],[7.2367302,51.4683073],[7.2371033,51.4682977]],[[7.2349287,51.4679987],[7.2351162,51.4683301]],[[7.2331774,51.4671561],[7.2341855,51.4674572],[7.2349276,51.4676259],[7.2349287,51.4679987]],[[7.234708,51.4684199],[7.2342785,51.4682918],[7.2329985,51.4681621],[7.2331774,51.4671561]],[[7.234708,51.4684199],[7.234261,51.4705897],[7.2326918,51.4722646]],[[7.2335729,51.4728903],[7.2331345,51.4726161],[7.2331248,51.4726025],[7.2326918,51.4722646]],[[7.2335729,51.4728903],[7.2332403,51.4730906],[7.2329585,51.4729351],[7.2319765,51.4734475],[7.2319345,51.4734695],[7.2318918,51.4734909],[7.2314037,51.4737249],[7.2316593,51.473866],[7.2316142,51.4739553],[7.2310103,51.4739443],[7.2309834,51.4739576],[7.2310226,51.4739698],[7.2315787,51.4740234],[7.2318871,51.473966],[7.2320682,51.4741098],[7.2321283,51.4740598],[7.2322849,51.4739782],[7.2324531,51.4739019],[7.2326717,51.4739808],[7.2327871,51.4738635],[7.2325203,51.4737574],[7.2324983,51.4736361],[7.2330371,51.4734415],[7.2342595,51.4739801],[7.2348229,51.4735558]],[[7.2371139,51.4747506],[7.2348229,51.4735558]],[[7.2371139,51.4747506],[7.2369914,51.4748003],[7.2368683,51.4748469],[7.2355468,51.4753358]],[[7.2355468,51.4753358],[7.2354617,51.4755419],[7.2335906,51.4762051],[7.2338641,51.4763389],[7.2339753,51.4765203],[7.2338916,51.4767111],[7.2340794,51.4769482],[7.2345673,51.4776501]],[[7.2347149,51.4778902],[7.2346654,51.4778006],[7.2345673,51.4776501]],[[7.2347149,51.4778902],[7.2355869,51.4777149],[7.2359753,51.478395],[7.2369843,51.4784808],[7.2377558,51.4784853],[7.2377707,51.4787826],[7.2376186,51.4789153],[7.2374437,51.479176],[7.2364256,51.4797694],[7.2356612,51.4805073]],[[7.2356612,51.4805073],[7.2355746,51.4809077]],[[7.2355746,51.4809077],[7.2357575,51.4813066]],[[7.2107734,51.4728502],[7.2285863,51.4809248],[7.2357575,51.4813066]],[[7.2114096,51.472212],[7.2108679,51.4726148],[7.2107734,51.4728502]],[[7.1989519,51.4692279],[7.209403,51.4720386],[7.2095203,51.4719099],[7.2072693,51.4710733],[7.2052959,51.470372],[7.2051078,51.4703175],[7.2049928,51.470269],[7.2050451,51.4702216],[7.205155,51.4702684],[7.2053269,51.4703503],[7.2095259,51.4719035],[7.2098219,51.4715477],[7.2100532,51.4713718],[7.2102674,51.4711833],[7.2102741,51.4711779],[7.2104084,51.4712379],[7.210832,51.4712508],[7.2111525,51.4714056],[7.2110559,51.4714869],[7.2112446,51.4715835],[7.2113563,51.4716464],[7.2115114,51.4716975],[7.2115171,51.4716931],[7.2116215,51.4717448],[7.2116668,51.4717633],[7.2119742,51.4714973],[7.2117711,51.4713908],[7.2119145,51.4712465],[7.2120087,51.4711681],[7.2124621,51.4713227],[7.2121072,51.4716186],[7.2122832,51.4717014],[7.2121479,51.4717998],[7.2119839,51.4717244],[7.2114096,51.472212]]]}},{"type":"Feature","properties":{"postal_code":"44795","note":"44795 Bochum","osm_id":2137480,"osm_type":"relation","boundary":"postal_code","dataConfidence":"osm-postal-boundary"},"geometry":{"type":"MultiLineString","coordinates":[[[7.1714467,51.4416174],[7.172567,51.4415297],[7.1741344,51.4418798],[7.1737458,51.4430883]],[[7.1714467,51.4416174],[7.1713431,51.4415286],[7.171034,51.4413138],[7.1710206,51.4412425],[7.1710803,51.4411683],[7.1714217,51.4408466],[7.1714293,51.44077],[7.1717756,51.4406367],[7.1723154,51.4404766],[7.1727514,51.4404084],[7.1725337,51.4398928],[7.1732663,51.4397566],[7.1736304,51.4397207],[7.1736981,51.4398927],[7.1751038,51.4401066],[7.1753651,51.4397004],[7.1755499,51.4393837],[7.1762514,51.439565],[7.1765573,51.4396503],[7.1765989,51.4396135],[7.1769067,51.4393194],[7.1772199,51.4391233],[7.1776654,51.4388724]],[[7.1776654,51.4388724],[7.177706,51.4388511],[7.177988,51.4390715],[7.1782984,51.4392139],[7.1783445,51.4392291],[7.1783985,51.439172],[7.1785373,51.4389819],[7.1788546,51.4390918],[7.1795473,51.4393729],[7.1797654,51.4393609]],[[7.1797654,51.4393609],[7.1804559,51.4393405],[7.1809159,51.4392649],[7.1815543,51.4391294]],[[7.1815543,51.4391294],[7.1818557,51.4390865],[7.1819045,51.4390778],[7.1819325,51.4390766],[7.1822168,51.4390362],[7.1825278,51.4389895],[7.1831294,51.4388991],[7.1844003,51.4386328],[7.1851371,51.4388009],[7.1852777,51.4388759],[7.1854859,51.4387558],[7.1855281,51.438736],[7.185751,51.4386669]],[[7.185751,51.4386669],[7.1862983,51.439027],[7.1866633,51.4388228],[7.1868969,51.4390239],[7.1869769,51.4389807],[7.1872172,51.4391243],[7.1875222,51.438943],[7.1872862,51.4388074],[7.1876141,51.4386275],[7.1876843,51.4385646],[7.1877886,51.4385008],[7.1878237,51.4384813],[7.188203,51.4381558]],[[7.188203,51.4381558],[7.1982323,51.4367905],[7.2003237,51.4373239],[7.2004995,51.4371058],[7.2008678,51.437229],[7.2007533,51.437386],[7.2014066,51.4376181],[7.2013679,51.437722],[7.2025192,51.4381207],[7.2030079,51.4380966],[7.2039148,51.4378936],[7.2040388,51.437722],[7.2040117,51.4373015],[7.2041706,51.4370744],[7.2035698,51.4367457],[7.2043257,51.4360256],[7.2045661,51.4361271],[7.2049479,51.4357943],[7.2074025,51.4368566],[7.2047462,51.4378578],[7.2030949,51.4382043],[7.2022998,51.4384194],[7.2013322,51.4389361],[7.2020799,51.4391575],[7.202875,51.4386619],[7.2032641,51.4387168],[7.2033816,51.4384882],[7.2076676,51.4391449],[7.2083756,51.4392226],[7.2084504,51.4392356],[7.2085062,51.4392451],[7.2085823,51.4392573],[7.2089433,51.4393148],[7.2089578,51.4393568],[7.2090127,51.4393659],[7.2090882,51.4393793],[7.2093423,51.4395804],[7.2093944,51.4399222]],[[7.2093944,51.4399222],[7.2099276,51.4400338],[7.2101205,51.4399052],[7.2109129,51.4399783]],[[7.2115433,51.4398898],[7.2113264,51.4399168],[7.211368,51.4400581],[7.2110401,51.4401074],[7.2109129,51.4399783]],[[7.2115433,51.4398898],[7.2117322,51.4400557],[7.2118816,51.4402362],[7.2121823,51.4401969],[7.2123351,51.440171],[7.2125048,51.4404424]],[[7.2125048,51.4404424],[7.2126504,51.4406942],[7.2143709,51.4405672],[7.2147879,51.4406522],[7.2150319,51.4401701],[7.2150793,51.4401197],[7.2153442,51.4400165],[7.2153734,51.440003],[7.2154616,51.4399485],[7.2155017,51.4399814],[7.2157722,51.4401579],[7.2161481,51.440006],[7.2164512,51.4399207],[7.2167811,51.439817],[7.217562,51.4394918]],[[7.217562,51.4394918],[7.2197793,51.4402631],[7.2191947,51.4410169],[7.2194982,51.4410718],[7.2192825,51.4414449]],[[7.2192825,51.4414449],[7.2204906,51.4417807]],[[7.2204906,51.4417807],[7.2200587,51.4424327],[7.2208191,51.4426559],[7.2205469,51.443083],[7.2202814,51.4430245],[7.2199219,51.4437233],[7.2203717,51.443812]],[[7.2203717,51.443812],[7.2202028,51.444143],[7.2209033,51.4444062]],[[7.2209249,51.44491],[7.2212993,51.4445615],[7.2209033,51.4444062]],[[7.2209249,51.44491],[7.2212767,51.4449383]],[[7.2212767,51.4449383],[7.2212572,51.4451631],[7.2213489,51.4451708],[7.2213241,51.4454794],[7.2212821,51.4456068],[7.2211929,51.4455977],[7.2211312,51.4457928],[7.2207448,51.445736],[7.2206382,51.4460471],[7.2203501,51.4459882],[7.219848,51.4474755],[7.2187867,51.4493862],[7.218067,51.4493278],[7.2177386,51.4494571],[7.2176313,51.4495566],[7.2169297,51.4502524],[7.2181747,51.4506151],[7.2191248,51.4510004],[7.2187955,51.4514615],[7.2184338,51.4519368]],[[7.2184338,51.4519368],[7.2154267,51.451252],[7.2153072,51.4511955],[7.2149983,51.451125],[7.213117,51.4504247]],[[7.213117,51.4504247],[7.2137559,51.450928],[7.2152023,51.4513901],[7.2176454,51.4536282],[7.2185491,51.4550675]],[[7.2185491,51.4550675],[7.2161894,51.4557787],[7.2134228,51.4574691],[7.2116659,51.4584251]],[[7.2116659,51.4584251],[7.2108729,51.4583139],[7.2102213,51.4581986]],[[7.2102213,51.4581986],[7.2099338,51.458393],[7.2099878,51.459873],[7.2103687,51.4604467],[7.2104591,51.4606941],[7.2104665,51.4610248],[7.2107834,51.4619555],[7.2108868,51.4624575]],[[7.2108868,51.4624575],[7.2106033,51.4634224],[7.2104999,51.4638025]],[[7.2104999,51.4638025],[7.2103982,51.4640324],[7.2092512,51.4646305],[7.2080713,51.4653014]],[[7.2080713,51.4653014],[7.206934,51.4653866]],[[7.206934,51.4653866],[7.2065634,51.4654143],[7.2063798,51.4654156],[7.2061036,51.4654176]],[[7.2061036,51.4654176],[7.2053605,51.4654162],[7.2052344,51.4650302],[7.2039389,51.46494],[7.2039336,51.4652925],[7.204234,51.4659024],[7.2055349,51.4659275],[7.2055402,51.4655783],[7.2061308,51.4655745]],[[7.2061308,51.4655745],[7.2065649,51.4655718],[7.2069183,51.4657945],[7.2071101,51.4668464],[7.2076803,51.4674702],[7.2073466,51.467766]],[[7.2073466,51.467766],[7.2070485,51.4679359],[7.2060492,51.4681942],[7.2050721,51.4682742],[7.2046021,51.4682769],[7.2037165,51.4682669],[7.2037274,51.4679898],[7.2037385,51.4677079],[7.2029693,51.467587]],[[7.2029693,51.467587],[7.2019011,51.4673934],[7.2009806,51.4671518],[7.1999782,51.4667895],[7.1988512,51.4663733],[7.1984648,51.4662818],[7.1980215,51.4662456],[7.1977116,51.4660482]],[[7.1975542,51.4665843],[7.1977116,51.4660482]],[[7.1989519,51.4692279],[7.1998542,51.4676153],[7.1986137,51.4668816],[7.1975542,51.4665843]],[[7.1958769,51.4685511],[7.1989519,51.4692279]],[[7.1955589,51.4685124],[7.1958769,51.4685511]],[[7.1943572,51.4683593],[7.1955589,51.4685124]],[[7.1812873,51.4657729],[7.1825961,51.4660437],[7.1841387,51.4663528],[7.1847213,51.4664787],[7.1849904,51.4665472],[7.1851994,51.4665645],[7.1859008,51.4666359],[7.1863813,51.466696],[7.1867517,51.4667813],[7.1868295,51.4667813],[7.1870468,51.4666948],[7.1870687,51.4666267],[7.1871256,51.4666377],[7.1871507,51.46675],[7.1869876,51.466886],[7.1875913,51.4670312],[7.1877242,51.4670621],[7.1882129,51.4671731],[7.1883477,51.467204],[7.1888251,51.4673019],[7.189043,51.4673452],[7.1898624,51.4674872],[7.1900712,51.4675261],[7.1903542,51.467581],[7.1904511,51.4676187],[7.1906409,51.4676602],[7.1908609,51.4677047],[7.1915219,51.4678369],[7.1934391,51.4682063],[7.193568,51.4682285],[7.1939676,51.4683068],[7.1941732,51.4683473],[7.1941796,51.4683396],[7.1943572,51.4683593]],[[7.1812873,51.4657729],[7.1813004,51.465719],[7.1812881,51.465674],[7.1811918,51.4655268],[7.1811138,51.4654892],[7.1809669,51.4654471],[7.1808767,51.4654292],[7.1808516,51.4654212],[7.1806737,51.4653439],[7.1806072,51.4653178],[7.1804793,51.4652806],[7.1800394,51.4651917],[7.1798547,51.4651416],[7.1797022,51.4650699],[7.1796417,51.465039],[7.1796282,51.4650369],[7.1795839,51.4649956],[7.1795637,51.4649694],[7.1795547,51.4649576],[7.1794995,51.4648591],[7.1794568,51.464749],[7.1794019,51.4647067],[7.1792924,51.4644038],[7.1791799,51.4640546],[7.1795979,51.4642702],[7.1798932,51.4644051],[7.1797306,51.4639107],[7.1796729,51.4635974],[7.1796486,51.4631156],[7.1797229,51.4612884],[7.179728,51.4608907],[7.179729,51.4606929],[7.1797404,51.4604921],[7.1797478,51.4602811],[7.1796191,51.4599364],[7.1794847,51.459593],[7.1798426,51.4595367],[7.1798705,51.4593628],[7.1800998,51.4593923],[7.1801421,51.459401],[7.1801926,51.4594173],[7.1802541,51.4594489],[7.1823768,51.4607783],[7.1826135,51.4608811],[7.1828734,51.4609142],[7.1850607,51.4610232],[7.1862764,51.4612783],[7.1861802,51.4610772],[7.1860861,51.4609564],[7.1860077,51.4609306],[7.1859878,51.460908],[7.1859942,51.4608765],[7.1858905,51.4607763],[7.1858341,51.4606604],[7.1858272,51.4606266]],[[7.1858272,51.4606266],[7.1858188,51.4605677],[7.185748,51.4604297],[7.1857244,51.4603054],[7.1857287,51.4602565],[7.1857115,51.4602214],[7.1857097,51.4601329],[7.1860017,51.4599642],[7.1860517,51.4599053],[7.185989,51.4596844],[7.1856771,51.4592353],[7.1856486,51.4591546],[7.1856918,51.4591055],[7.1854451,51.4589581],[7.1852131,51.4587436],[7.185126,51.4586067],[7.1850019,51.458524],[7.1849284,51.4584458],[7.1846265,51.4581702],[7.1844977,51.4580271]],[[7.1844977,51.4580271],[7.1841894,51.4580926],[7.1840841,51.4580139],[7.1840251,51.457729],[7.1839331,51.4568455],[7.1841406,51.4569121],[7.1843581,51.4569481],[7.1844318,51.4567329],[7.1844073,51.4566571],[7.1843114,51.4565859],[7.1842229,51.4564634],[7.1839408,51.4561736],[7.183776,51.4561181],[7.183462,51.45596],[7.1834307,51.4558625],[7.1834343,51.4557561],[7.1835366,51.4556714],[7.1832647,51.4555372],[7.1832304,51.4554815],[7.183087,51.4553912],[7.1829014,51.4552396],[7.1826933,51.4550462],[7.1823962,51.4546856],[7.182226,51.4545136],[7.1819464,51.4542847],[7.1816904,51.4541273],[7.1816838,51.4541163],[7.1815749,51.4541464],[7.1814603,51.4540044],[7.1813174,51.4539313],[7.1810654,51.4537595],[7.1815035,51.4534342],[7.1817304,51.4531526],[7.182309,51.4528515],[7.1824519,51.4529334],[7.1824873,51.4527447],[7.1827131,51.4522024],[7.1830626,51.4518698],[7.1830885,51.4517456],[7.1825882,51.4514404],[7.1825551,51.45141],[7.1823057,51.4515311],[7.1810178,51.4505194],[7.1813089,51.4502561],[7.1806323,51.4499262],[7.1805471,51.4499945],[7.1799383,51.4496778],[7.1791708,51.4502431],[7.1789745,51.4500376],[7.1785965,51.4500565],[7.1783313,51.4500314],[7.1781179,51.4499925],[7.1781199,51.4500368],[7.1780932,51.4500367],[7.1773605,51.4498031],[7.1772797,51.4497758],[7.1772612,51.4497699],[7.1770901,51.449716],[7.1768536,51.4495423],[7.1767757,51.4494415],[7.1767351,51.4494027],[7.1768538,51.4492482],[7.1768637,51.4492195],[7.1764966,51.4491046],[7.1751174,51.4486703],[7.1750063,51.4487768],[7.174827,51.4487051],[7.1743995,51.4488192],[7.1743594,51.4487716],[7.1749473,51.4486152],[7.1747623,51.4485595],[7.1746314,51.4484641],[7.1746645,51.448446],[7.174553,51.4480515],[7.1727042,51.4475541],[7.1718693,51.4474326],[7.1714868,51.4466408],[7.1731523,51.4459091],[7.1734089,51.4458111],[7.1736173,51.4459441],[7.173828,51.4456903],[7.1739833,51.4455961],[7.1741094,51.4454597],[7.1742033,51.4453407],[7.174512,51.4449295],[7.1748142,51.4444797]],[[7.1748142,51.4444797],[7.1744263,51.444384],[7.1745719,51.4441583]],[[7.1745719,51.4441583],[7.1745239,51.4441469],[7.1749274,51.4435524],[7.1744416,51.4433489],[7.174265,51.4432558],[7.1742365,51.4432471],[7.1742423,51.4432369],[7.1740897,51.4431904],[7.1740367,51.443185],[7.1737458,51.4430883]]]}},{"type":"Feature","properties":{"postal_code":"44797","note":"44797 Bochum","osm_id":2137485,"osm_type":"relation","boundary":"postal_code","dataConfidence":"osm-postal-boundary"},"geometry":{"type":"MultiLineString","coordinates":[[[7.2439982,51.441694],[7.2443516,51.4415034],[7.2430004,51.4411124]],[[7.2399599,51.4397623],[7.2406185,51.4399658],[7.2416789,51.440566],[7.2425536,51.4409563],[7.2430004,51.4411124]],[[7.223238,51.4426445],[7.225336,51.4429991],[7.2251179,51.4406409],[7.2268558,51.4400634],[7.2318277,51.4396508],[7.2367009,51.4399257],[7.2396019,51.4403446],[7.2399599,51.4397623]],[[7.223238,51.4426445],[7.2213837,51.4438988],[7.2204321,51.4437197],[7.2203717,51.443812]],[[7.2204906,51.4417807],[7.2200587,51.4424327],[7.2208191,51.4426559],[7.2205469,51.443083],[7.2202814,51.4430245],[7.2199219,51.4437233],[7.2203717,51.443812]],[[7.2192825,51.4414449],[7.2204906,51.4417807]],[[7.217562,51.4394918],[7.2197793,51.4402631],[7.2191947,51.4410169],[7.2194982,51.4410718],[7.2192825,51.4414449]],[[7.2125048,51.4404424],[7.2126504,51.4406942],[7.2143709,51.4405672],[7.2147879,51.4406522],[7.2150319,51.4401701],[7.2150793,51.4401197],[7.2153442,51.4400165],[7.2153734,51.440003],[7.2154616,51.4399485],[7.2155017,51.4399814],[7.2157722,51.4401579],[7.2161481,51.440006],[7.2164512,51.4399207],[7.2167811,51.439817],[7.217562,51.4394918]],[[7.2115433,51.4398898],[7.2117322,51.4400557],[7.2118816,51.4402362],[7.2121823,51.4401969],[7.2123351,51.440171],[7.2125048,51.4404424]],[[7.2115433,51.4398898],[7.2113264,51.4399168],[7.211368,51.4400581],[7.2110401,51.4401074],[7.2109129,51.4399783]],[[7.2093944,51.4399222],[7.2099276,51.4400338],[7.2101205,51.4399052],[7.2109129,51.4399783]],[[7.188203,51.4381558],[7.1982323,51.4367905],[7.2003237,51.4373239],[7.2004995,51.4371058],[7.2008678,51.437229],[7.2007533,51.437386],[7.2014066,51.4376181],[7.2013679,51.437722],[7.2025192,51.4381207],[7.2030079,51.4380966],[7.2039148,51.4378936],[7.2040388,51.437722],[7.2040117,51.4373015],[7.2041706,51.4370744],[7.2035698,51.4367457],[7.2043257,51.4360256],[7.2045661,51.4361271],[7.2049479,51.4357943],[7.2074025,51.4368566],[7.2047462,51.4378578],[7.2030949,51.4382043],[7.2022998,51.4384194],[7.2013322,51.4389361],[7.2020799,51.4391575],[7.202875,51.4386619],[7.2032641,51.4387168],[7.2033816,51.4384882],[7.2076676,51.4391449],[7.2083756,51.4392226],[7.2084504,51.4392356],[7.2085062,51.4392451],[7.2085823,51.4392573],[7.2089433,51.4393148],[7.2089578,51.4393568],[7.2090127,51.4393659],[7.2090882,51.4393793],[7.2093423,51.4395804],[7.2093944,51.4399222]],[[7.188203,51.4381558],[7.1881978,51.4380268],[7.1882833,51.4379083],[7.1883505,51.4376473],[7.1881254,51.4368147],[7.188358,51.4364966],[7.1887782,51.4363048],[7.1892585,51.4347564],[7.1892758,51.4340597]],[[7.1892758,51.4340597],[7.189281,51.4338489],[7.189221,51.4333904],[7.1896952,51.4327789],[7.1893808,51.4326661],[7.1892536,51.4325093],[7.1900433,51.4319126],[7.1907137,51.4314907],[7.1898894,51.4311887],[7.18736,51.4302186],[7.1853977,51.428677]],[[7.1853977,51.428677],[7.1848732,51.4289709],[7.1794787,51.4269444],[7.1787362,51.4279819],[7.1782274,51.4280022],[7.1774121,51.4288989],[7.1762511,51.4287911],[7.1763355,51.4283666],[7.1771299,51.4272753],[7.1769864,51.4268854],[7.1777935,51.4263265],[7.1778509,51.4261932],[7.1782082,51.4260699],[7.1782338,51.4256163],[7.1791685,51.4247729],[7.1794292,51.4247285],[7.1809396,51.42458]],[[7.1809396,51.42458],[7.1809866,51.4243936],[7.181217,51.4241261],[7.1812512,51.4239854],[7.1812552,51.4238984],[7.1812418,51.4237421],[7.1812478,51.4237019],[7.1812999,51.4235189],[7.1821912,51.422008],[7.1822664,51.4214063],[7.1821712,51.4208595],[7.1821015,51.4207507],[7.1819975,51.4206708],[7.1817764,51.4205257],[7.1817152,51.4205155],[7.1814711,51.420548],[7.1813712,51.4204734],[7.1813605,51.4204011],[7.1812304,51.4203522],[7.1811395,51.4202256],[7.181217,51.4200908],[7.181217,51.4199127],[7.1814104,51.419651]],[[7.1847885,51.4193706],[7.1842239,51.4195086],[7.1835462,51.4195118],[7.1832253,51.4197127],[7.1830394,51.4196555],[7.1830344,51.4196396],[7.1828765,51.4196874],[7.1823214,51.4197089],[7.1820984,51.4197686],[7.1818609,51.4197935],[7.181676,51.4197477],[7.1815404,51.4197025],[7.1814104,51.419651]],[[7.1851112,51.4190261],[7.1850792,51.419093],[7.1850874,51.4191376],[7.1848059,51.4191527],[7.1847885,51.4193706]],[[7.1898387,51.4181944],[7.1885099,51.4185314],[7.1880024,51.4186609],[7.1879015,51.4186778],[7.1873218,51.4187354],[7.1871443,51.41874],[7.1869529,51.4187363],[7.1868501,51.4187295],[7.1862628,51.4186963],[7.1860981,51.4186781],[7.185988,51.4186565],[7.1857991,51.4186071],[7.1856391,51.4185575],[7.1855089,51.4184991],[7.1853863,51.4187385],[7.1853134,51.4188807],[7.1853055,51.4188846],[7.1851426,51.4189621],[7.1851112,51.4190261]],[[7.2071998,51.4176944],[7.2067486,51.4178137],[7.2066158,51.4178481],[7.2066004,51.4178521],[7.2064542,51.4178895],[7.2063089,51.4179274],[7.2061871,51.4179575],[7.2061756,51.4179604],[7.2060874,51.4179828],[7.203413,51.4184743],[7.2009081,51.4187851],[7.2000211,51.4188301],[7.1991224,51.4188372],[7.1984191,51.4187677],[7.1977613,51.4186801],[7.1966544,51.418529],[7.196235,51.4184668],[7.195871,51.4183979],[7.1941553,51.4180555],[7.1937113,51.4179883],[7.1930359,51.4179222],[7.1925285,51.4179055],[7.191655,51.4179004],[7.1911168,51.4179299],[7.1907709,51.4179949],[7.1898387,51.4181944]],[[7.2330109,51.4115294],[7.2324702,51.4113968],[7.2319233,51.4111986],[7.2315502,51.4110636],[7.23093,51.4108242],[7.2307408,51.4107653],[7.2305686,51.4107223],[7.2298588,51.4105894],[7.2294419,51.4105285],[7.2291645,51.4105176],[7.2289255,51.4105239],[7.228715,51.410552],[7.228465,51.410611],[7.228013,51.4107601],[7.2262598,51.4115589],[7.2260644,51.4116236],[7.225698,51.4117161],[7.2253762,51.4117586],[7.2249351,51.4118051],[7.22426,51.4118559],[7.2234294,51.4118981],[7.2226453,51.4118653],[7.222003,51.4118624],[7.2216387,51.4119002],[7.2212953,51.4119493],[7.2210578,51.412023],[7.2207681,51.4121471],[7.2202444,51.4124562],[7.218526,51.4132353],[7.2181178,51.4134111],[7.2177358,51.4135488],[7.2154926,51.4143507],[7.2138924,51.4149053],[7.2129832,51.4152203],[7.2125168,51.4154162],[7.2118907,51.4156799],[7.209357,51.4168751],[7.2082631,51.4173525],[7.2078346,51.4175078],[7.207252,51.4176805],[7.2071998,51.4176944]],[[7.2344965,51.4117595],[7.2330109,51.4115294]],[[7.2473155,51.4112069],[7.2470644,51.4111664],[7.2467774,51.4111196],[7.2467543,51.4112935],[7.245026,51.4112675],[7.2449983,51.4112639],[7.2449752,51.4112544],[7.2449638,51.4112377],[7.244973,51.4112173],[7.2450158,51.4111824],[7.2450024,51.4111586],[7.2449728,51.4111617],[7.2447071,51.4112928],[7.243303,51.4116146],[7.2420768,51.4118021],[7.2392555,51.4120518],[7.2380839,51.4120259],[7.2371684,51.4118986],[7.2344965,51.4117595]],[[7.2529361,51.4137755],[7.2524029,51.4132999],[7.251702,51.412739],[7.2514491,51.412587],[7.2506021,51.4120038],[7.2502378,51.4118691],[7.2497157,51.4116698],[7.249227,51.4115707],[7.2481803,51.4113591],[7.2474997,51.4112401],[7.2473155,51.4112069]],[[7.2644457,51.4237022],[7.2640957,51.423705],[7.2637352,51.4236543],[7.2630495,51.4234878],[7.2626445,51.4233617],[7.2626518,51.4232586],[7.2616343,51.4230358],[7.2613458,51.4229565],[7.2610851,51.4228653],[7.2607208,51.422755],[7.2602448,51.4225565],[7.2599584,51.4224152],[7.2595244,51.4221576],[7.2588855,51.4217318],[7.2586141,51.4214851],[7.2585111,51.4213481],[7.2582771,51.4209876],[7.257749,51.4198695],[7.2573965,51.4191534],[7.2570313,51.418595],[7.2568904,51.4183328],[7.25678,51.4179792],[7.2566753,51.4177604],[7.2560902,51.4170728],[7.2557874,51.4168039],[7.2554941,51.4165415],[7.2548061,51.4158602],[7.2543441,51.415359],[7.2540544,51.4150073],[7.2538811,51.4150545],[7.2529361,51.4137755]],[[7.2654609,51.4351352],[7.2658494,51.4347332],[7.2659156,51.4346488],[7.2639995,51.4339846],[7.263678,51.4338595],[7.2636741,51.4337574],[7.2639037,51.433585],[7.2639142,51.4334778],[7.2639214,51.4332736],[7.2642817,51.4330998],[7.264287,51.4329767],[7.2639661,51.4326459],[7.2637737,51.4325688],[7.2637111,51.4323365],[7.263774,51.4321588],[7.2638128,51.4320103],[7.2639172,51.4319444],[7.2641049,51.431874],[7.264428,51.431595],[7.2647297,51.4315637],[7.2653863,51.4314832],[7.265484,51.4315333],[7.265541,51.4313249],[7.2656834,51.4311888],[7.2655345,51.4311612],[7.2657031,51.4309044],[7.2658174,51.4309371],[7.2659175,51.4308725],[7.2656259,51.4307377],[7.2656201,51.4306439],[7.2656262,51.4306138],[7.2655822,51.4305674],[7.2654441,51.4304219],[7.2655195,51.4303471],[7.2654699,51.4302946],[7.2654063,51.4301976],[7.2653918,51.4298747],[7.2654605,51.4297725],[7.2655793,51.4296729],[7.2656307,51.4296404],[7.2657794,51.4295786],[7.2657381,51.4294795],[7.2657735,51.429453],[7.2659081,51.4293827],[7.2661849,51.4292704],[7.2665081,51.4292504],[7.2669235,51.4291205],[7.2671313,51.4290225],[7.2673086,51.4288739],[7.2674232,51.4287353],[7.2676539,51.4288337],[7.2676603,51.4288271],[7.2678894,51.428931],[7.2682908,51.4291278],[7.2684437,51.4292258],[7.2685011,51.4292626],[7.2689146,51.4295946],[7.2689276,51.4295776],[7.2689772,51.4290348],[7.2691852,51.4288604],[7.2695214,51.4287735],[7.2697405,51.4286527],[7.269555,51.4285352],[7.2694271,51.4284419],[7.2692427,51.4282516],[7.2690838,51.4281003],[7.2688991,51.4279706],[7.2687294,51.4278769],[7.2685091,51.4277927],[7.2683191,51.4277331],[7.2680934,51.4276729],[7.2677505,51.4276113],[7.2675881,51.4275722],[7.2674373,51.4275255],[7.2673508,51.427492],[7.2672423,51.4274338],[7.2671382,51.4273779],[7.2670918,51.4273382],[7.2670468,51.4273019],[7.2669885,51.4272575],[7.2666968,51.4270406],[7.2664014,51.426821],[7.2661253,51.4266362],[7.2660013,51.4265469],[7.2659332,51.4264824],[7.2658823,51.4264447],[7.2657461,51.4262725],[7.2652969,51.4257015],[7.2650548,51.4254973],[7.2648093,51.4252969],[7.264955,51.4252744],[7.2649745,51.4252878],[7.2648941,51.4251902],[7.2642978,51.4244479],[7.2639291,51.4239869],[7.2639028,51.4239402],[7.2644457,51.4237022]],[[7.2637922,51.4358585],[7.2639987,51.4358213],[7.2641137,51.4357736],[7.2642885,51.4357011],[7.2647543,51.4355336],[7.2649785,51.4353782],[7.2650497,51.4353361],[7.2651428,51.4353106],[7.2653149,51.4352863],[7.2654609,51.4351352]],[[7.2439982,51.441694],[7.2445826,51.4416742],[7.2446527,51.4416703],[7.2447857,51.44166],[7.2448159,51.441656],[7.2449057,51.4416451],[7.2450041,51.4416283],[7.2451488,51.4416002],[7.2453498,51.4415497],[7.2478636,51.4408891],[7.248196,51.440813],[7.2493645,51.4405438],[7.2513699,51.4400836],[7.2515094,51.4400572],[7.2518605,51.4400081],[7.2521461,51.4399836],[7.2527109,51.4399653],[7.253927,51.4399289],[7.2541944,51.4399256],[7.2544626,51.439933],[7.2547276,51.4399523],[7.2549925,51.439982],[7.2552539,51.4400222],[7.2562071,51.4402245],[7.256358,51.4402565],[7.2565166,51.4402773],[7.256678,51.4402899],[7.2568393,51.4402925],[7.2569991,51.4402863],[7.2571574,51.4402721],[7.2573087,51.4402515],[7.2579075,51.4401506],[7.2593553,51.4399061],[7.259648,51.4398598],[7.2597926,51.4398392],[7.2599408,51.4398211],[7.2603726,51.4397755],[7.2606589,51.4397527],[7.2609468,51.4397348],[7.2612348,51.4397212],[7.261525,51.4397118],[7.2621003,51.4397078],[7.2635695,51.4397377],[7.2650647,51.4397679],[7.2659132,51.4397851],[7.2659325,51.4398049],[7.2659465,51.4398173],[7.2659875,51.4398307],[7.2660477,51.4398323],[7.2660354,51.4398265],[7.2665869,51.4398408],[7.2665799,51.4398478],[7.2672637,51.4398651],[7.2673087,51.4398589],[7.2673218,51.4398571],[7.2677738,51.4398468],[7.2688021,51.4398829],[7.2690572,51.4397934],[7.2690279,51.4397174],[7.2690097,51.4397002],[7.2689971,51.4396813],[7.2689941,51.4396608],[7.2689976,51.4396405],[7.2691752,51.4391747],[7.2691998,51.4391373],[7.269229,51.4391017],[7.2692634,51.4390682],[7.2693039,51.4390374],[7.2693492,51.4390091],[7.2694002,51.4389849],[7.2694537,51.438963],[7.2695097,51.438944],[7.2695686,51.4389279],[7.2696122,51.4389187],[7.2695649,51.4388616],[7.2695411,51.4388328],[7.2695931,51.4386719],[7.2693814,51.4384512],[7.2691711,51.4383246],[7.2686008,51.4379697],[7.2683551,51.4377779],[7.2678724,51.4374928],[7.2671784,51.4371617],[7.2665904,51.4369927],[7.2659644,51.4367738],[7.2652263,51.4369043],[7.2649845,51.4366842],[7.2645478,51.4367596],[7.2640689,51.4365013],[7.263922,51.4363898],[7.2637528,51.4363029],[7.263791,51.4359094],[7.2637922,51.4358585]]]}},{"type":"Feature","properties":{"postal_code":"44799","note":"44799 Bochum","osm_id":2137558,"osm_type":"relation","boundary":"postal_code","dataConfidence":"osm-postal-boundary"},"geometry":{"type":"MultiLineString","coordinates":[[[7.2430004,51.4411124],[7.2419354,51.4414578]],[[7.2399599,51.4397623],[7.2406185,51.4399658],[7.2416789,51.440566],[7.2425536,51.4409563],[7.2430004,51.4411124]],[[7.223238,51.4426445],[7.225336,51.4429991],[7.2251179,51.4406409],[7.2268558,51.4400634],[7.2318277,51.4396508],[7.2367009,51.4399257],[7.2396019,51.4403446],[7.2399599,51.4397623]],[[7.223238,51.4426445],[7.2213837,51.4438988],[7.2204321,51.4437197],[7.2203717,51.443812]],[[7.2203717,51.443812],[7.2202028,51.444143],[7.2209033,51.4444062]],[[7.2209249,51.44491],[7.2212993,51.4445615],[7.2209033,51.4444062]],[[7.2209249,51.44491],[7.2212767,51.4449383]],[[7.2212767,51.4449383],[7.2212572,51.4451631],[7.2213489,51.4451708],[7.2213241,51.4454794],[7.2212821,51.4456068],[7.2211929,51.4455977],[7.2211312,51.4457928],[7.2207448,51.445736],[7.2206382,51.4460471],[7.2203501,51.4459882],[7.219848,51.4474755],[7.2187867,51.4493862],[7.218067,51.4493278],[7.2177386,51.4494571],[7.2176313,51.4495566],[7.2169297,51.4502524],[7.2181747,51.4506151],[7.2191248,51.4510004],[7.2187955,51.4514615],[7.2184338,51.4519368]],[[7.2184338,51.4519368],[7.2154267,51.451252],[7.2153072,51.4511955],[7.2149983,51.451125],[7.213117,51.4504247]],[[7.213117,51.4504247],[7.2137559,51.450928],[7.2152023,51.4513901],[7.2176454,51.4536282],[7.2185491,51.4550675]],[[7.2185491,51.4550675],[7.2220836,51.4598497],[7.2231718,51.4611665],[7.2271843,51.4663802],[7.2274249,51.4663893],[7.2280539,51.465632],[7.2291909,51.464867],[7.2313675,51.4635479],[7.2315275,51.4634593],[7.2323641,51.4629323],[7.2322152,51.4628065],[7.2321279,51.462793],[7.2322631,51.4624025],[7.2323453,51.4623513],[7.2324146,51.4621739],[7.2328718,51.4622426],[7.2333376,51.4619316],[7.2340254,51.462298],[7.234578,51.4618946],[7.23508,51.4614467]],[[7.23508,51.4614467],[7.2360948,51.4605413],[7.2370964,51.4590731],[7.2388424,51.4571297],[7.240396,51.456265],[7.2408513,51.4559719],[7.2426248,51.4553486],[7.2446112,51.4545954],[7.2456921,51.4539924],[7.2461318,51.4536981],[7.2466292,51.4530056],[7.2471542,51.4536742],[7.2478643,51.4534254],[7.248235,51.4534072],[7.2488483,51.4540324],[7.2499352,51.4545503],[7.2504309,51.4546778],[7.2506174,51.4550151],[7.2512771,51.4552615],[7.2521234,51.4556779],[7.251796,51.4560239]],[[7.251796,51.4560239],[7.2516242,51.4559844],[7.2513434,51.4559108],[7.2509586,51.4557843],[7.2506293,51.4559903],[7.2505199,51.4559229],[7.2501289,51.4556867],[7.2499657,51.4557951],[7.2496835,51.45597],[7.2495928,51.4559153],[7.2492852,51.4561079],[7.2479875,51.4552879],[7.2481797,51.4551376],[7.2479481,51.4549869],[7.2479758,51.4549701],[7.2481026,51.45489],[7.2481209,51.4548793],[7.247852,51.4545567],[7.2475758,51.4543534],[7.2470937,51.4539656],[7.2468586,51.4536488],[7.2462893,51.4538245],[7.2454445,51.4543983],[7.2446547,51.4546996],[7.2440479,51.4551369],[7.2417164,51.4561801]],[[7.2417164,51.4561801],[7.2426924,51.4563243],[7.2433698,51.457216],[7.2414893,51.4579461],[7.2422846,51.4586589],[7.2426136,51.4585705],[7.2426565,51.4586539],[7.2430069,51.4585622],[7.243162,51.4588472],[7.2435223,51.4587885],[7.2433533,51.4584025],[7.2438701,51.4582851],[7.2444434,51.458229],[7.2453073,51.4594277],[7.2442458,51.4597039],[7.2440088,51.4593318],[7.2435348,51.45946],[7.2431906,51.4602452],[7.2447573,51.4607448],[7.2447914,51.460771],[7.2448738,51.4608343],[7.2449036,51.4608575],[7.2447095,51.4613374],[7.2418213,51.4608472],[7.2411267,51.4624592],[7.2414472,51.4625065],[7.2412334,51.4629387],[7.2430005,51.4633492],[7.242348,51.4644208],[7.2417264,51.4642508],[7.2409636,51.4640581],[7.2406327,51.4649456],[7.2411793,51.4651061],[7.2412123,51.465416]],[[7.2412123,51.465416],[7.2424461,51.4650108]],[[7.2424461,51.4650108],[7.2428648,51.4650726],[7.2436202,51.4650367]],[[7.2436202,51.4650367],[7.244024,51.4650043],[7.2444308,51.4649324],[7.2451815,51.4649587],[7.2456407,51.4649025],[7.2464259,51.4649396],[7.24688,51.4649186],[7.2470348,51.4648945],[7.2470649,51.4649534],[7.2473156,51.4649632],[7.2477841,51.4650685],[7.2486022,51.4648891],[7.248787,51.4647981],[7.2489954,51.4647452],[7.2491352,51.4647097],[7.2489804,51.4645544],[7.2494128,51.4645248]],[[7.2494128,51.4645248],[7.2496119,51.4644837],[7.2498745,51.4643509]],[[7.2498745,51.4643509],[7.2503094,51.4645221],[7.2505927,51.4646147],[7.2510757,51.4646262],[7.2514426,51.4646118],[7.2517566,51.4644127],[7.2521122,51.4640993],[7.2525864,51.4636812]],[[7.2525864,51.4636812],[7.2546951,51.4608966]],[[7.254254,51.4588236],[7.2544004,51.4588587],[7.2545711,51.4588853],[7.2546508,51.4589361],[7.2546294,51.4589954],[7.2549025,51.4590683],[7.2552265,51.4591609],[7.2554249,51.459262],[7.2554341,51.4590762],[7.2557684,51.4594683],[7.2560766,51.4597192],[7.2558909,51.4599859],[7.2558353,51.4600504],[7.255598,51.4603258],[7.2552176,51.4605991],[7.2550183,51.4606791],[7.2547312,51.4607383],[7.2546951,51.4608966]],[[7.2509174,51.4567917],[7.2505886,51.4569681],[7.2509029,51.4571919],[7.25057,51.4573575],[7.2511491,51.4576144],[7.2508352,51.4579696],[7.2511431,51.4580816],[7.2520302,51.458559],[7.2521785,51.4586532],[7.2525098,51.4588501],[7.2530452,51.4589896],[7.2534659,51.4590801],[7.2532356,51.4593452],[7.2533583,51.4593829],[7.2531488,51.4596197],[7.2529926,51.4596717],[7.2526744,51.4598772],[7.2523671,51.4599736],[7.2525223,51.4600667],[7.25219,51.4602239],[7.2518696,51.460188],[7.2515699,51.4601319],[7.2514406,51.4602763],[7.2516177,51.4602997],[7.2515752,51.4603],[7.2515488,51.460306],[7.2515319,51.4603114],[7.2515135,51.4603201],[7.2514982,51.4603313],[7.2514885,51.4603434],[7.2514255,51.4604564],[7.2513704,51.4605443],[7.2513625,51.4605594],[7.2516004,51.4606703],[7.251662,51.4606654],[7.251689,51.460671],[7.251699,51.4607275],[7.2518855,51.4608143],[7.25187,51.4608262],[7.2518927,51.4608388],[7.2520745,51.4608302],[7.2521216,51.4607845],[7.252177,51.460693],[7.2522605,51.460545],[7.2523793,51.4603414],[7.2524388,51.4603435],[7.2526723,51.4603118],[7.2528652,51.4602786],[7.2529732,51.4602499],[7.2531877,51.4601772],[7.2534854,51.4600389],[7.2537233,51.4599045],[7.2535303,51.4598337],[7.253584,51.4597841],[7.2537693,51.4595888],[7.2539357,51.4593202],[7.2540429,51.4591972],[7.25414,51.4589904],[7.254254,51.4588236]],[[7.2525741,51.4555334],[7.2524635,51.4556354],[7.2523489,51.4557659],[7.2522448,51.4558815],[7.2522411,51.4558987],[7.2522425,51.4559274],[7.2522591,51.4559489],[7.2522771,51.4559646],[7.2523069,51.4559772],[7.252151,51.456184],[7.2521022,51.4561719],[7.2520482,51.4561696],[7.2520028,51.4561799],[7.2519702,51.4561936],[7.251779,51.4563323],[7.2516026,51.4564428],[7.2513981,51.4565612],[7.2509174,51.4567917]],[[7.2528693,51.4553666],[7.2527437,51.4554252],[7.2525741,51.4555334]],[[7.2544085,51.4545858],[7.253932,51.4549698],[7.2537506,51.4548495],[7.2531776,51.4547724],[7.2527403,51.4552186],[7.2528693,51.4553666]],[[7.2477152,51.4512806],[7.2484856,51.4519365],[7.24896,51.4521239],[7.2495827,51.4523555],[7.2503152,51.4526123],[7.2512671,51.45304],[7.2518876,51.4533459],[7.2520618,51.4532428],[7.2521741,51.4531441],[7.2525211,51.4533289],[7.2527515,51.4534061],[7.2529501,51.4534922],[7.2531387,51.4535846],[7.2535001,51.4537802],[7.253562,51.4537497],[7.2537376,51.4538483],[7.2535692,51.4539416],[7.2544085,51.4545858]],[[7.2467576,51.4509867],[7.2469147,51.4510476],[7.2469117,51.4510683],[7.2469274,51.4510865],[7.2469616,51.4510998],[7.2470098,51.4511154],[7.2475201,51.4512305],[7.2477152,51.4512806]],[[7.2363752,51.4477975],[7.2365972,51.4479372],[7.2375365,51.4481273],[7.2375029,51.4485566],[7.2381722,51.4487136],[7.2393802,51.4491407],[7.2398003,51.4491419],[7.2403182,51.4492528],[7.2403805,51.4493978],[7.2410337,51.4495786],[7.2431802,51.450235],[7.2444704,51.4497013],[7.2467576,51.4509867]],[[7.2389502,51.4437464],[7.2376154,51.4441264],[7.2365202,51.4448251],[7.2362336,51.4452418],[7.236583,51.4454893],[7.236001,51.4464683],[7.2355478,51.4473174],[7.2355351,51.4473675],[7.2363752,51.4477975]],[[7.2419354,51.4414578],[7.2417003,51.4415685],[7.2412355,51.4416423],[7.241025,51.4418744],[7.2409257,51.4425888],[7.240328,51.4432456],[7.2401116,51.4433037],[7.2389502,51.4437464]],[[7.2542483,51.4446836],[7.2549513,51.44423],[7.2548995,51.4441726],[7.2552105,51.4438047],[7.2557156,51.4432524],[7.256617,51.4435525],[7.2566358,51.4435301],[7.2574391,51.4438011],[7.2583965,51.4440873],[7.2582518,51.4442547],[7.2582307,51.4442469],[7.2574137,51.4452041],[7.2571307,51.4451097],[7.2568074,51.4454509],[7.2560541,51.4451928],[7.2559713,51.4451673],[7.2559101,51.4452431],[7.2553674,51.4450618],[7.2542483,51.4446836]],[[7.2337902,51.4478555],[7.2339647,51.4474238],[7.2332269,51.4472419],[7.2329253,51.4473597],[7.2326315,51.4472953],[7.2326075,51.4472254],[7.2317524,51.4468166],[7.2315502,51.4472317],[7.2297626,51.4471306],[7.2291722,51.4469156],[7.2289719,51.4468621],[7.2289685,51.4468169],[7.2287242,51.4464432],[7.2281615,51.4466886],[7.2279826,51.44677],[7.2277319,51.4466334],[7.227587,51.4465576],[7.2273553,51.4465343],[7.2261416,51.4462591],[7.2260513,51.4458355],[7.2259472,51.4458279],[7.2257871,51.4458186],[7.2257058,51.4458423],[7.2256674,51.446111],[7.2249685,51.4459948],[7.2248032,51.445889],[7.2247271,51.4458844],[7.2247657,51.4456454],[7.2244428,51.4455478],[7.2244166,51.4453915],[7.2244362,51.4452802],[7.2244395,51.4452438],[7.2239827,51.4452078],[7.2234114,51.4450734],[7.2231445,51.4452209],[7.2234059,51.4453979],[7.2230713,51.4455793],[7.2230822,51.4459149],[7.2227045,51.4468275],[7.2241583,51.4472624],[7.2249734,51.4466672],[7.225002,51.4466327],[7.2250615,51.4465522],[7.2251022,51.4465404],[7.2251287,51.4465011],[7.2253823,51.4465721],[7.2252673,51.4467083],[7.2256485,51.446815],[7.2255683,51.446941],[7.2262828,51.4470913],[7.2264385,51.4468232],[7.2284094,51.4472793],[7.2282049,51.4476847],[7.229484,51.4479293],[7.2296718,51.4478432],[7.2299024,51.4479326],[7.2300901,51.4480587],[7.2300529,51.4486202],[7.2301091,51.4489509],[7.2316849,51.4489645],[7.2320016,51.4482716],[7.2325267,51.4483002],[7.2325871,51.4479545],[7.2329211,51.4479448],[7.2337902,51.4478555]]]}},{"type":"Feature","properties":{"postal_code":"44801","note":"44801 Bochum","osm_id":2137562,"osm_type":"relation","boundary":"postal_code","dataConfidence":"osm-postal-boundary"},"geometry":{"type":"MultiLineString","coordinates":[[[7.2439982,51.441694],[7.2443516,51.4415034],[7.2430004,51.4411124]],[[7.2430004,51.4411124],[7.2419354,51.4414578]],[[7.2419354,51.4414578],[7.2417003,51.4415685],[7.2412355,51.4416423],[7.241025,51.4418744],[7.2409257,51.4425888],[7.240328,51.4432456],[7.2401116,51.4433037],[7.2389502,51.4437464]],[[7.2389502,51.4437464],[7.2376154,51.4441264],[7.2365202,51.4448251],[7.2362336,51.4452418],[7.236583,51.4454893],[7.236001,51.4464683],[7.2355478,51.4473174],[7.2355351,51.4473675],[7.2363752,51.4477975]],[[7.2363752,51.4477975],[7.2365972,51.4479372],[7.2375365,51.4481273],[7.2375029,51.4485566],[7.2381722,51.4487136],[7.2393802,51.4491407],[7.2398003,51.4491419],[7.2403182,51.4492528],[7.2403805,51.4493978],[7.2410337,51.4495786],[7.2431802,51.450235],[7.2444704,51.4497013],[7.2467576,51.4509867]],[[7.2467576,51.4509867],[7.2469147,51.4510476],[7.2469117,51.4510683],[7.2469274,51.4510865],[7.2469616,51.4510998],[7.2470098,51.4511154],[7.2475201,51.4512305],[7.2477152,51.4512806]],[[7.2477152,51.4512806],[7.2484856,51.4519365],[7.24896,51.4521239],[7.2495827,51.4523555],[7.2503152,51.4526123],[7.2512671,51.45304],[7.2518876,51.4533459],[7.2520618,51.4532428],[7.2521741,51.4531441],[7.2525211,51.4533289],[7.2527515,51.4534061],[7.2529501,51.4534922],[7.2531387,51.4535846],[7.2535001,51.4537802],[7.253562,51.4537497],[7.2537376,51.4538483],[7.2535692,51.4539416],[7.2544085,51.4545858]],[[7.2544085,51.4545858],[7.253932,51.4549698],[7.2537506,51.4548495],[7.2531776,51.4547724],[7.2527403,51.4552186],[7.2528693,51.4553666]],[[7.2528693,51.4553666],[7.2527437,51.4554252],[7.2525741,51.4555334]],[[7.2525741,51.4555334],[7.2524635,51.4556354],[7.2523489,51.4557659],[7.2522448,51.4558815],[7.2522411,51.4558987],[7.2522425,51.4559274],[7.2522591,51.4559489],[7.2522771,51.4559646],[7.2523069,51.4559772],[7.252151,51.456184],[7.2521022,51.4561719],[7.2520482,51.4561696],[7.2520028,51.4561799],[7.2519702,51.4561936],[7.251779,51.4563323],[7.2516026,51.4564428],[7.2513981,51.4565612],[7.2509174,51.4567917]],[[7.2509174,51.4567917],[7.2505886,51.4569681],[7.2509029,51.4571919],[7.25057,51.4573575],[7.2511491,51.4576144],[7.2508352,51.4579696],[7.2511431,51.4580816],[7.2520302,51.458559],[7.2521785,51.4586532],[7.2525098,51.4588501],[7.2530452,51.4589896],[7.2534659,51.4590801],[7.2532356,51.4593452],[7.2533583,51.4593829],[7.2531488,51.4596197],[7.2529926,51.4596717],[7.2526744,51.4598772],[7.2523671,51.4599736],[7.2525223,51.4600667],[7.25219,51.4602239],[7.2518696,51.460188],[7.2515699,51.4601319],[7.2514406,51.4602763],[7.2516177,51.4602997],[7.2515752,51.4603],[7.2515488,51.460306],[7.2515319,51.4603114],[7.2515135,51.4603201],[7.2514982,51.4603313],[7.2514885,51.4603434],[7.2514255,51.4604564],[7.2513704,51.4605443],[7.2513625,51.4605594],[7.2516004,51.4606703],[7.251662,51.4606654],[7.251689,51.460671],[7.251699,51.4607275],[7.2518855,51.4608143],[7.25187,51.4608262],[7.2518927,51.4608388],[7.2520745,51.4608302],[7.2521216,51.4607845],[7.252177,51.460693],[7.2522605,51.460545],[7.2523793,51.4603414],[7.2524388,51.4603435],[7.2526723,51.4603118],[7.2528652,51.4602786],[7.2529732,51.4602499],[7.2531877,51.4601772],[7.2534854,51.4600389],[7.2537233,51.4599045],[7.2535303,51.4598337],[7.253584,51.4597841],[7.2537693,51.4595888],[7.2539357,51.4593202],[7.2540429,51.4591972],[7.25414,51.4589904],[7.254254,51.4588236]],[[7.254254,51.4588236],[7.2544004,51.4588587],[7.2545711,51.4588853],[7.2546508,51.4589361],[7.2546294,51.4589954],[7.2549025,51.4590683],[7.2552265,51.4591609],[7.2554249,51.459262],[7.2554341,51.4590762],[7.2557684,51.4594683],[7.2560766,51.4597192],[7.2558909,51.4599859],[7.2558353,51.4600504],[7.255598,51.4603258],[7.2552176,51.4605991],[7.2550183,51.4606791],[7.2547312,51.4607383],[7.2546951,51.4608966]],[[7.2525864,51.4636812],[7.2546951,51.4608966]],[[7.2525864,51.4636812],[7.2528216,51.4637275],[7.2531157,51.4637221],[7.2543119,51.4636452],[7.2548334,51.4634767],[7.2547998,51.4634687],[7.2548793,51.4634436],[7.2553447,51.463385],[7.2555038,51.4633572],[7.2554638,51.4634104],[7.2556359,51.463392],[7.2557921,51.4633799],[7.2561009,51.4633723],[7.2563597,51.4633752],[7.257727,51.4634658],[7.2583716,51.4635085]],[[7.2583716,51.4635085],[7.2591052,51.463547],[7.2594274,51.4635594],[7.2606724,51.4634886],[7.2620749,51.4631503],[7.2632951,51.4623796]],[[7.2632951,51.4623796],[7.2652611,51.4622569],[7.2660839,51.4619714]],[[7.2660839,51.4619714],[7.2667961,51.4619441],[7.2672522,51.4616738],[7.2680243,51.4609489],[7.2689449,51.4607321],[7.2699235,51.4599236],[7.2706267,51.4601494],[7.2728956,51.4613471]],[[7.2728956,51.4613471],[7.2736138,51.4612006]],[[7.2736138,51.4612006],[7.2748207,51.4605973],[7.2758489,51.4608349],[7.27747,51.4595823],[7.2777932,51.4592156],[7.2788992,51.4596711],[7.2801252,51.460204],[7.2810566,51.4597199],[7.2815014,51.4595545],[7.2818157,51.4592607],[7.2835653,51.459172],[7.2833758,51.4596636],[7.2835345,51.4599952],[7.2856729,51.4622242],[7.2859583,51.4621709],[7.2859858,51.4624713],[7.2855782,51.4625219],[7.2857663,51.4625911],[7.2859434,51.4626842],[7.2860891,51.4628183],[7.2853084,51.4634334],[7.2883408,51.4634017]],[[7.2890401,51.4558585],[7.2888094,51.4567343],[7.288686,51.457356],[7.2885197,51.4586295],[7.2884446,51.4602505],[7.2883749,51.4626804],[7.2883408,51.4634017]],[[7.289711,51.4544383],[7.2892868,51.4551432],[7.2890401,51.4558585]],[[7.289711,51.4544383],[7.2875624,51.4535321],[7.287516,51.4535051],[7.2875846,51.4534384],[7.2876165,51.4533437],[7.2876237,51.4532702],[7.2876042,51.4531969],[7.2883828,51.4522586],[7.2888452,51.451664],[7.2895013,51.4519485],[7.2901025,51.4516],[7.2903526,51.4516902],[7.2909558,51.450852],[7.2910852,51.4508091],[7.2915371,51.4502307],[7.29177,51.4499358],[7.2919599,51.449718],[7.292222,51.4493069],[7.2921308,51.4492355],[7.2912054,51.4489225],[7.2912832,51.4488402],[7.291589,51.4484843],[7.2924506,51.4475583],[7.2927073,51.4471942],[7.2928446,51.4470398],[7.292946,51.4468929],[7.2930834,51.4465985],[7.2930885,51.4465509],[7.2931823,51.4461097],[7.2931713,51.4460429],[7.2932852,51.4456773],[7.2934343,51.4452384],[7.2934596,51.4450741],[7.2934276,51.4446803],[7.293378,51.4444173],[7.2934209,51.4438005],[7.2932439,51.4437668],[7.2926967,51.4436531],[7.2914314,51.4424197],[7.2908159,51.4417948],[7.2904516,51.4414065],[7.2902203,51.4411729],[7.2900863,51.4410469],[7.2899956,51.4409584],[7.2898252,51.4408274],[7.2896494,51.4407196],[7.2894235,51.4405865],[7.2891784,51.4404909],[7.2888488,51.4403604],[7.2881353,51.4400554],[7.2878568,51.4399383],[7.2877444,51.4398972],[7.287342,51.4397222],[7.2862405,51.4392673],[7.2861491,51.4392251],[7.2859437,51.4391234],[7.2857517,51.4390056],[7.2856199,51.4388917],[7.2853481,51.4386121]],[[7.2853481,51.4386121],[7.2853713,51.4385589],[7.2854098,51.4384706],[7.2851063,51.4381046],[7.2849854,51.4379804],[7.2846496,51.4378617],[7.2817405,51.4373118],[7.2811609,51.4371873],[7.2807928,51.4370693],[7.2804735,51.4369206],[7.2795054,51.4363955],[7.2792711,51.4362427],[7.2793413,51.4361687],[7.2790791,51.4360075],[7.2788391,51.4359071],[7.2787314,51.4359662],[7.2779257,51.4355335],[7.2774777,51.4353029],[7.2770064,51.4350537],[7.2768022,51.434921],[7.2766488,51.4348075],[7.2763936,51.4345388],[7.2761235,51.4341874],[7.2757611,51.433692],[7.2755543,51.432756],[7.2750591,51.4312146],[7.2750956,51.4312094],[7.2749226,51.4306835],[7.2750289,51.4306582],[7.2752938,51.4306574]],[[7.2752938,51.4306574],[7.2755995,51.4306586],[7.2752044,51.4303865],[7.2747241,51.4299673],[7.2745386,51.4297641],[7.2744186,51.4296151],[7.2743376,51.4295203],[7.2741123,51.4291827],[7.2738969,51.428849],[7.273425,51.4282566],[7.2729428,51.4276773],[7.2727433,51.4274244],[7.2722321,51.4267801],[7.2722575,51.4267773],[7.2721515,51.426575],[7.2718415,51.4263011],[7.271749,51.4262739],[7.2718245,51.4262275],[7.2712638,51.4256873],[7.2699665,51.4250597],[7.2698956,51.4250704],[7.2697078,51.424945],[7.2692593,51.4247406],[7.2687912,51.4245406],[7.2683949,51.4243988],[7.2674977,51.4241465],[7.2664469,51.423948]],[[7.2664469,51.423948],[7.2654015,51.4238182],[7.2644457,51.4237022]],[[7.2654609,51.4351352],[7.2658494,51.4347332],[7.2659156,51.4346488],[7.2639995,51.4339846],[7.263678,51.4338595],[7.2636741,51.4337574],[7.2639037,51.433585],[7.2639142,51.4334778],[7.2639214,51.4332736],[7.2642817,51.4330998],[7.264287,51.4329767],[7.2639661,51.4326459],[7.2637737,51.4325688],[7.2637111,51.4323365],[7.263774,51.4321588],[7.2638128,51.4320103],[7.2639172,51.4319444],[7.2641049,51.431874],[7.264428,51.431595],[7.2647297,51.4315637],[7.2653863,51.4314832],[7.265484,51.4315333],[7.265541,51.4313249],[7.2656834,51.4311888],[7.2655345,51.4311612],[7.2657031,51.4309044],[7.2658174,51.4309371],[7.2659175,51.4308725],[7.2656259,51.4307377],[7.2656201,51.4306439],[7.2656262,51.4306138],[7.2655822,51.4305674],[7.2654441,51.4304219],[7.2655195,51.4303471],[7.2654699,51.4302946],[7.2654063,51.4301976],[7.2653918,51.4298747],[7.2654605,51.4297725],[7.2655793,51.4296729],[7.2656307,51.4296404],[7.2657794,51.4295786],[7.2657381,51.4294795],[7.2657735,51.429453],[7.2659081,51.4293827],[7.2661849,51.4292704],[7.2665081,51.4292504],[7.2669235,51.4291205],[7.2671313,51.4290225],[7.2673086,51.4288739],[7.2674232,51.4287353],[7.2676539,51.4288337],[7.2676603,51.4288271],[7.2678894,51.428931],[7.2682908,51.4291278],[7.2684437,51.4292258],[7.2685011,51.4292626],[7.2689146,51.4295946],[7.2689276,51.4295776],[7.2689772,51.4290348],[7.2691852,51.4288604],[7.2695214,51.4287735],[7.2697405,51.4286527],[7.269555,51.4285352],[7.2694271,51.4284419],[7.2692427,51.4282516],[7.2690838,51.4281003],[7.2688991,51.4279706],[7.2687294,51.4278769],[7.2685091,51.4277927],[7.2683191,51.4277331],[7.2680934,51.4276729],[7.2677505,51.4276113],[7.2675881,51.4275722],[7.2674373,51.4275255],[7.2673508,51.427492],[7.2672423,51.4274338],[7.2671382,51.4273779],[7.2670918,51.4273382],[7.2670468,51.4273019],[7.2669885,51.4272575],[7.2666968,51.4270406],[7.2664014,51.426821],[7.2661253,51.4266362],[7.2660013,51.4265469],[7.2659332,51.4264824],[7.2658823,51.4264447],[7.2657461,51.4262725],[7.2652969,51.4257015],[7.2650548,51.4254973],[7.2648093,51.4252969],[7.264955,51.4252744],[7.2649745,51.4252878],[7.2648941,51.4251902],[7.2642978,51.4244479],[7.2639291,51.4239869],[7.2639028,51.4239402],[7.2644457,51.4237022]],[[7.2637922,51.4358585],[7.2639987,51.4358213],[7.2641137,51.4357736],[7.2642885,51.4357011],[7.2647543,51.4355336],[7.2649785,51.4353782],[7.2650497,51.4353361],[7.2651428,51.4353106],[7.2653149,51.4352863],[7.2654609,51.4351352]],[[7.2439982,51.441694],[7.2445826,51.4416742],[7.2446527,51.4416703],[7.2447857,51.44166],[7.2448159,51.441656],[7.2449057,51.4416451],[7.2450041,51.4416283],[7.2451488,51.4416002],[7.2453498,51.4415497],[7.2478636,51.4408891],[7.248196,51.440813],[7.2493645,51.4405438],[7.2513699,51.4400836],[7.2515094,51.4400572],[7.2518605,51.4400081],[7.2521461,51.4399836],[7.2527109,51.4399653],[7.253927,51.4399289],[7.2541944,51.4399256],[7.2544626,51.439933],[7.2547276,51.4399523],[7.2549925,51.439982],[7.2552539,51.4400222],[7.2562071,51.4402245],[7.256358,51.4402565],[7.2565166,51.4402773],[7.256678,51.4402899],[7.2568393,51.4402925],[7.2569991,51.4402863],[7.2571574,51.4402721],[7.2573087,51.4402515],[7.2579075,51.4401506],[7.2593553,51.4399061],[7.259648,51.4398598],[7.2597926,51.4398392],[7.2599408,51.4398211],[7.2603726,51.4397755],[7.2606589,51.4397527],[7.2609468,51.4397348],[7.2612348,51.4397212],[7.261525,51.4397118],[7.2621003,51.4397078],[7.2635695,51.4397377],[7.2650647,51.4397679],[7.2659132,51.4397851],[7.2659325,51.4398049],[7.2659465,51.4398173],[7.2659875,51.4398307],[7.2660477,51.4398323],[7.2660354,51.4398265],[7.2665869,51.4398408],[7.2665799,51.4398478],[7.2672637,51.4398651],[7.2673087,51.4398589],[7.2673218,51.4398571],[7.2677738,51.4398468],[7.2688021,51.4398829],[7.2690572,51.4397934],[7.2690279,51.4397174],[7.2690097,51.4397002],[7.2689971,51.4396813],[7.2689941,51.4396608],[7.2689976,51.4396405],[7.2691752,51.4391747],[7.2691998,51.4391373],[7.269229,51.4391017],[7.2692634,51.4390682],[7.2693039,51.4390374],[7.2693492,51.4390091],[7.2694002,51.4389849],[7.2694537,51.438963],[7.2695097,51.438944],[7.2695686,51.4389279],[7.2696122,51.4389187],[7.2695649,51.4388616],[7.2695411,51.4388328],[7.2695931,51.4386719],[7.2693814,51.4384512],[7.2691711,51.4383246],[7.2686008,51.4379697],[7.2683551,51.4377779],[7.2678724,51.4374928],[7.2671784,51.4371617],[7.2665904,51.4369927],[7.2659644,51.4367738],[7.2652263,51.4369043],[7.2649845,51.4366842],[7.2645478,51.4367596],[7.2640689,51.4365013],[7.263922,51.4363898],[7.2637528,51.4363029],[7.263791,51.4359094],[7.2637922,51.4358585]],[[7.2337902,51.4478555],[7.2339647,51.4474238],[7.2332269,51.4472419],[7.2329253,51.4473597],[7.2326315,51.4472953],[7.2326075,51.4472254],[7.2317524,51.4468166],[7.2315502,51.4472317],[7.2297626,51.4471306],[7.2291722,51.4469156],[7.2289719,51.4468621],[7.2289685,51.4468169],[7.2287242,51.4464432],[7.2281615,51.4466886],[7.2279826,51.44677],[7.2277319,51.4466334],[7.227587,51.4465576],[7.2273553,51.4465343],[7.2261416,51.4462591],[7.2260513,51.4458355],[7.2259472,51.4458279],[7.2257871,51.4458186],[7.2257058,51.4458423],[7.2256674,51.446111],[7.2249685,51.4459948],[7.2248032,51.445889],[7.2247271,51.4458844],[7.2247657,51.4456454],[7.2244428,51.4455478],[7.2244166,51.4453915],[7.2244362,51.4452802],[7.2244395,51.4452438],[7.2239827,51.4452078],[7.2234114,51.4450734],[7.2231445,51.4452209],[7.2234059,51.4453979],[7.2230713,51.4455793],[7.2230822,51.4459149],[7.2227045,51.4468275],[7.2241583,51.4472624],[7.2249734,51.4466672],[7.225002,51.4466327],[7.2250615,51.4465522],[7.2251022,51.4465404],[7.2251287,51.4465011],[7.2253823,51.4465721],[7.2252673,51.4467083],[7.2256485,51.446815],[7.2255683,51.446941],[7.2262828,51.4470913],[7.2264385,51.4468232],[7.2284094,51.4472793],[7.2282049,51.4476847],[7.229484,51.4479293],[7.2296718,51.4478432],[7.2299024,51.4479326],[7.2300901,51.4480587],[7.2300529,51.4486202],[7.2301091,51.4489509],[7.2316849,51.4489645],[7.2320016,51.4482716],[7.2325267,51.4483002],[7.2325871,51.4479545],[7.2329211,51.4479448],[7.2337902,51.4478555]],[[7.2542483,51.4446836],[7.2549513,51.44423],[7.2548995,51.4441726],[7.2552105,51.4438047],[7.2557156,51.4432524],[7.256617,51.4435525],[7.2566358,51.4435301],[7.2574391,51.4438011],[7.2583965,51.4440873],[7.2582518,51.4442547],[7.2582307,51.4442469],[7.2574137,51.4452041],[7.2571307,51.4451097],[7.2568074,51.4454509],[7.2560541,51.4451928],[7.2559713,51.4451673],[7.2559101,51.4452431],[7.2553674,51.4450618],[7.2542483,51.4446836]]]}},{"type":"Feature","properties":{"postal_code":"44803","note":"44803 Bochum","osm_id":2137571,"osm_type":"relation","boundary":"postal_code","dataConfidence":"osm-postal-boundary"},"geometry":{"type":"MultiLineString","coordinates":[[[7.2849464,51.4757109],[7.2868941,51.4760504],[7.288669,51.4736025],[7.2873883,51.4733905],[7.2874041,51.4733589]],[[7.2849464,51.4757109],[7.2841796,51.4760351],[7.282947,51.4768382],[7.2821005,51.4774448],[7.282017,51.4775958],[7.2820622,51.4790748],[7.2800737,51.4782567]],[[7.2800737,51.4782567],[7.2797546,51.4781254]],[[7.2797546,51.4781254],[7.2795329,51.4785935],[7.2782998,51.4781611],[7.2778543,51.4796389],[7.278422,51.4801677],[7.2785315,51.4810694]],[[7.2785315,51.4810694],[7.2782701,51.4819639]],[[7.2641873,51.4833741],[7.2650736,51.4831798],[7.2654243,51.4830908],[7.265433,51.4830662],[7.2654323,51.4830403],[7.265541,51.4830123],[7.2655524,51.4830228],[7.2655711,51.4830324],[7.2655939,51.4830399],[7.2656147,51.483047],[7.2656704,51.4830533],[7.2656992,51.4830512],[7.265728,51.483047],[7.2667902,51.4828098],[7.2674373,51.4826854],[7.2692437,51.482378],[7.269797,51.482302],[7.2703133,51.4822442],[7.2712872,51.4821942],[7.271406,51.4822285],[7.2720986,51.4822188],[7.2720474,51.4821903],[7.2730285,51.4821507],[7.2733287,51.4821155],[7.2735826,51.4820517],[7.2755466,51.4819595],[7.2762221,51.4819546],[7.2773393,51.4819306],[7.2782701,51.4819639]],[[7.2557708,51.4851383],[7.2566199,51.4850489],[7.2573538,51.4849436],[7.2580484,51.4848134],[7.2587918,51.4846492],[7.2593578,51.4845169],[7.2599258,51.484377],[7.2611234,51.4841198],[7.262154,51.4838721],[7.2626809,51.4837874],[7.2626971,51.483759],[7.2630606,51.4836679],[7.2634723,51.4835418],[7.2641873,51.4833741]],[[7.2554925,51.485174],[7.2557708,51.4851383]],[[7.2503709,51.4844012],[7.2526036,51.4848029],[7.2554925,51.485174]],[[7.2453848,51.4831313],[7.2478347,51.483945],[7.2497682,51.4842928],[7.2503709,51.4844012]],[[7.2357575,51.4813066],[7.240284,51.4817011],[7.242271,51.4820971],[7.2453848,51.4831313]],[[7.2355746,51.4809077],[7.2357575,51.4813066]],[[7.2356612,51.4805073],[7.2355746,51.4809077]],[[7.2347149,51.4778902],[7.2355869,51.4777149],[7.2359753,51.478395],[7.2369843,51.4784808],[7.2377558,51.4784853],[7.2377707,51.4787826],[7.2376186,51.4789153],[7.2374437,51.479176],[7.2364256,51.4797694],[7.2356612,51.4805073]],[[7.2347149,51.4778902],[7.2346654,51.4778006],[7.2345673,51.4776501]],[[7.2355468,51.4753358],[7.2354617,51.4755419],[7.2335906,51.4762051],[7.2338641,51.4763389],[7.2339753,51.4765203],[7.2338916,51.4767111],[7.2340794,51.4769482],[7.2345673,51.4776501]],[[7.2371139,51.4747506],[7.2369914,51.4748003],[7.2368683,51.4748469],[7.2355468,51.4753358]],[[7.2371139,51.4747506],[7.2348229,51.4735558]],[[7.2335729,51.4728903],[7.2332403,51.4730906],[7.2329585,51.4729351],[7.2319765,51.4734475],[7.2319345,51.4734695],[7.2318918,51.4734909],[7.2314037,51.4737249],[7.2316593,51.473866],[7.2316142,51.4739553],[7.2310103,51.4739443],[7.2309834,51.4739576],[7.2310226,51.4739698],[7.2315787,51.4740234],[7.2318871,51.473966],[7.2320682,51.4741098],[7.2321283,51.4740598],[7.2322849,51.4739782],[7.2324531,51.4739019],[7.2326717,51.4739808],[7.2327871,51.4738635],[7.2325203,51.4737574],[7.2324983,51.4736361],[7.2330371,51.4734415],[7.2342595,51.4739801],[7.2348229,51.4735558]],[[7.2335729,51.4728903],[7.2331345,51.4726161],[7.2331248,51.4726025],[7.2326918,51.4722646]],[[7.234708,51.4684199],[7.234261,51.4705897],[7.2326918,51.4722646]],[[7.234708,51.4684199],[7.2342785,51.4682918],[7.2329985,51.4681621],[7.2331774,51.4671561]],[[7.2331774,51.4671561],[7.2341855,51.4674572],[7.2349276,51.4676259],[7.2349287,51.4679987]],[[7.2349287,51.4679987],[7.2351162,51.4683301]],[[7.2351162,51.4683301],[7.2351337,51.468345],[7.2351593,51.4683568],[7.2351828,51.4683628],[7.2352199,51.4683669],[7.2359489,51.4683531],[7.2367302,51.4683073],[7.2371033,51.4682977]],[[7.233856,51.4636348],[7.2337502,51.4640044],[7.2340549,51.4640095],[7.2345451,51.4640764],[7.2345134,51.4641643],[7.2352161,51.4642521],[7.2352634,51.4641513],[7.2358637,51.4642234],[7.236054,51.4642548],[7.2356814,51.4652388],[7.2353359,51.4651519],[7.234884,51.4651077],[7.2348153,51.4653451],[7.2350493,51.4653641],[7.2347395,51.4661074],[7.2343042,51.466004],[7.2341935,51.4662764],[7.2353178,51.4665007],[7.2352858,51.4667006],[7.2366158,51.4667924],[7.2365798,51.4668841],[7.2364879,51.4669797],[7.2366089,51.4672852],[7.2368495,51.4672777],[7.2369258,51.4676623],[7.2370204,51.4679196],[7.2371033,51.4682977]],[[7.233856,51.4636348],[7.2334034,51.4636037],[7.2334322,51.4635552],[7.2330212,51.4635615]],[[7.23508,51.4614467],[7.2348199,51.461784],[7.2342193,51.4625328],[7.2337786,51.4631939],[7.2335846,51.4631687],[7.2329165,51.4630492],[7.2322692,51.4634809],[7.2322531,51.4634916],[7.2320501,51.4636198],[7.2321155,51.463628],[7.2325617,51.4636877],[7.2325896,51.4636452],[7.2326548,51.463662],[7.2327023,51.4635203],[7.2328228,51.4635344],[7.2328542,51.4635342],[7.2330212,51.4635615]],[[7.23508,51.4614467],[7.2360948,51.4605413],[7.2370964,51.4590731],[7.2388424,51.4571297],[7.240396,51.456265],[7.2408513,51.4559719],[7.2426248,51.4553486],[7.2446112,51.4545954],[7.2456921,51.4539924],[7.2461318,51.4536981],[7.2466292,51.4530056],[7.2471542,51.4536742],[7.2478643,51.4534254],[7.248235,51.4534072],[7.2488483,51.4540324],[7.2499352,51.4545503],[7.2504309,51.4546778],[7.2506174,51.4550151],[7.2512771,51.4552615],[7.2521234,51.4556779],[7.251796,51.4560239]],[[7.251796,51.4560239],[7.2516242,51.4559844],[7.2513434,51.4559108],[7.2509586,51.4557843],[7.2506293,51.4559903],[7.2505199,51.4559229],[7.2501289,51.4556867],[7.2499657,51.4557951],[7.2496835,51.45597],[7.2495928,51.4559153],[7.2492852,51.4561079],[7.2479875,51.4552879],[7.2481797,51.4551376],[7.2479481,51.4549869],[7.2479758,51.4549701],[7.2481026,51.45489],[7.2481209,51.4548793],[7.247852,51.4545567],[7.2475758,51.4543534],[7.2470937,51.4539656],[7.2468586,51.4536488],[7.2462893,51.4538245],[7.2454445,51.4543983],[7.2446547,51.4546996],[7.2440479,51.4551369],[7.2417164,51.4561801]],[[7.2417164,51.4561801],[7.2426924,51.4563243],[7.2433698,51.457216],[7.2414893,51.4579461],[7.2422846,51.4586589],[7.2426136,51.4585705],[7.2426565,51.4586539],[7.2430069,51.4585622],[7.243162,51.4588472],[7.2435223,51.4587885],[7.2433533,51.4584025],[7.2438701,51.4582851],[7.2444434,51.458229],[7.2453073,51.4594277],[7.2442458,51.4597039],[7.2440088,51.4593318],[7.2435348,51.45946],[7.2431906,51.4602452],[7.2447573,51.4607448],[7.2447914,51.460771],[7.2448738,51.4608343],[7.2449036,51.4608575],[7.2447095,51.4613374],[7.2418213,51.4608472],[7.2411267,51.4624592],[7.2414472,51.4625065],[7.2412334,51.4629387],[7.2430005,51.4633492],[7.242348,51.4644208],[7.2417264,51.4642508],[7.2409636,51.4640581],[7.2406327,51.4649456],[7.2411793,51.4651061],[7.2412123,51.465416]],[[7.2412123,51.465416],[7.2424461,51.4650108]],[[7.2424461,51.4650108],[7.2428648,51.4650726],[7.2436202,51.4650367]],[[7.2436202,51.4650367],[7.244024,51.4650043],[7.2444308,51.4649324],[7.2451815,51.4649587],[7.2456407,51.4649025],[7.2464259,51.4649396],[7.24688,51.4649186],[7.2470348,51.4648945],[7.2470649,51.4649534],[7.2473156,51.4649632],[7.2477841,51.4650685],[7.2486022,51.4648891],[7.248787,51.4647981],[7.2489954,51.4647452],[7.2491352,51.4647097],[7.2489804,51.4645544],[7.2494128,51.4645248]],[[7.2494128,51.4645248],[7.2496119,51.4644837],[7.2498745,51.4643509]],[[7.2498745,51.4643509],[7.2503094,51.4645221],[7.2505927,51.4646147],[7.2510757,51.4646262],[7.2514426,51.4646118],[7.2517566,51.4644127],[7.2521122,51.4640993],[7.2525864,51.4636812]],[[7.2525864,51.4636812],[7.2528216,51.4637275],[7.2531157,51.4637221],[7.2543119,51.4636452],[7.2548334,51.4634767],[7.2547998,51.4634687],[7.2548793,51.4634436],[7.2553447,51.463385],[7.2555038,51.4633572],[7.2554638,51.4634104],[7.2556359,51.463392],[7.2557921,51.4633799],[7.2561009,51.4633723],[7.2563597,51.4633752],[7.257727,51.4634658],[7.2583716,51.4635085]],[[7.2583716,51.4635085],[7.2591052,51.463547],[7.2594274,51.4635594],[7.2606724,51.4634886],[7.2620749,51.4631503],[7.2632951,51.4623796]],[[7.2632951,51.4623796],[7.2652611,51.4622569],[7.2660839,51.4619714]],[[7.2660839,51.4619714],[7.2667961,51.4619441],[7.2672522,51.4616738],[7.2680243,51.4609489],[7.2689449,51.4607321],[7.2699235,51.4599236],[7.2706267,51.4601494],[7.2728956,51.4613471]],[[7.2728956,51.4613471],[7.2736138,51.4612006]],[[7.2736138,51.4612006],[7.2748207,51.4605973],[7.2758489,51.4608349],[7.27747,51.4595823],[7.2777932,51.4592156],[7.2788992,51.4596711],[7.2801252,51.460204],[7.2810566,51.4597199],[7.2815014,51.4595545],[7.2818157,51.4592607],[7.2835653,51.459172],[7.2833758,51.4596636],[7.2835345,51.4599952],[7.2856729,51.4622242],[7.2859583,51.4621709],[7.2859858,51.4624713],[7.2855782,51.4625219],[7.2857663,51.4625911],[7.2859434,51.4626842],[7.2860891,51.4628183],[7.2853084,51.4634334],[7.2883408,51.4634017]],[[7.2883408,51.4634017],[7.2883023,51.4639436],[7.2881335,51.4653807],[7.2877122,51.4668234]],[[7.2877122,51.4668234],[7.289179,51.4685932]],[[7.289179,51.4685932],[7.2891523,51.4686177],[7.2891342,51.4686337],[7.2890968,51.468674],[7.2890773,51.468732],[7.2890684,51.4687904],[7.2890886,51.4688693],[7.2891296,51.4689818],[7.2891599,51.4690591],[7.2892206,51.4692119],[7.2892268,51.4692353],[7.2892398,51.4693036],[7.2892359,51.4693901],[7.2892254,51.469449],[7.2891096,51.4700746],[7.2890525,51.4703714],[7.2890272,51.4704647],[7.2889937,51.470546],[7.2889317,51.4706593],[7.2889091,51.4706903],[7.2889104,51.4706915],[7.2888862,51.4707267],[7.2887443,51.4709381],[7.2887388,51.4709444],[7.288506,51.4712792],[7.2884908,51.4713018],[7.2884381,51.4713688],[7.2883807,51.4714337],[7.2883164,51.4714983],[7.2882608,51.4715476],[7.2882328,51.4715742],[7.288135,51.4716572],[7.2880885,51.471695],[7.2879493,51.4718011],[7.2878335,51.4718862],[7.2878049,51.4719046],[7.2877821,51.4719144],[7.2877698,51.4719183],[7.2876122,51.4719521],[7.2875741,51.4719689],[7.2875638,51.4719769],[7.2875287,51.4720127],[7.287508,51.4720378],[7.2874701,51.4720779],[7.2874458,51.4721135],[7.2874203,51.4721644],[7.2873903,51.4722499],[7.2873864,51.472269],[7.2873817,51.4722928],[7.2873788,51.4723113],[7.2873749,51.4723486],[7.2874772,51.472863],[7.2875164,51.4730535],[7.2875211,51.4731066],[7.2875158,51.4731519],[7.2875117,51.4731642],[7.2874956,51.4732006],[7.2874041,51.4733589]]]}},{"type":"Feature","properties":{"postal_code":"44867","note":"44867 Bochum","osm_id":2137604,"osm_type":"relation","boundary":"postal_code","dataConfidence":"osm-postal-boundary"},"geometry":{"type":"MultiLineString","coordinates":[[[7.1500328,51.4628696],[7.1501005,51.4628172],[7.1499489,51.4627578],[7.1501416,51.4625528],[7.1504179,51.4622771],[7.1482667,51.4616805],[7.1475895,51.4614582],[7.1474567,51.4616086],[7.1473508,51.461571],[7.1474768,51.4613989],[7.1473236,51.4613536],[7.1473421,51.4613307],[7.1474094,51.4612432],[7.1472576,51.4609168],[7.1471281,51.4608758],[7.1469042,51.4611349],[7.1452372,51.4605692],[7.1453987,51.4603881],[7.1450622,51.4602773],[7.1449593,51.4603965],[7.1441603,51.460076],[7.1443093,51.4599151],[7.1425818,51.4592322],[7.1424289,51.4594269],[7.1419837,51.459249],[7.142165,51.4590108],[7.1413493,51.4588228],[7.1411777,51.4590559],[7.1402349,51.4587961],[7.1402981,51.4586748],[7.1400387,51.4585965],[7.1401638,51.4583724],[7.1396247,51.4582479]],[[7.1509729,51.4633938],[7.1509365,51.463371],[7.1507914,51.4632939],[7.1507806,51.4632883],[7.1507736,51.4632824],[7.1507682,51.4632747],[7.1507659,51.4632695],[7.1506717,51.4632279],[7.1506606,51.4632242],[7.1504769,51.4631264],[7.1504031,51.4630825],[7.1501053,51.4629139],[7.1500328,51.4628696]],[[7.151862,51.4638147],[7.1521231,51.4635847],[7.1523167,51.462982],[7.1521833,51.462752],[7.1518474,51.4625874],[7.1509729,51.4633938]],[[7.151862,51.4638147],[7.1510686,51.4638111],[7.1498437,51.4631438],[7.1492033,51.4636961],[7.1503167,51.4643478],[7.151227,51.4640649],[7.1513532,51.4640855],[7.1519446,51.4643778],[7.1523477,51.4645639],[7.1521988,51.4647235],[7.1536748,51.4652647],[7.1538589,51.4655734],[7.1540724,51.4655884],[7.1541657,51.4653386],[7.1546522,51.4656525],[7.1544628,51.4658729],[7.155555,51.4662431],[7.1550531,51.466987],[7.1559454,51.4670302],[7.1569531,51.4673752],[7.1576579,51.4667342]],[[7.1610172,51.4685654],[7.1606927,51.4683958],[7.1606981,51.4683907],[7.1604056,51.4682329],[7.1604007,51.4682363],[7.1603561,51.468211],[7.1603547,51.468212],[7.1603346,51.4682011],[7.1603365,51.4681999],[7.1602625,51.4681594],[7.1602674,51.4681557],[7.1602216,51.4681318],[7.1602207,51.4681324],[7.1600876,51.4680608],[7.1600895,51.4680594],[7.1592837,51.4676234],[7.1590475,51.4674955],[7.1590043,51.4674679],[7.1588566,51.4673585],[7.1587693,51.4673011],[7.1585068,51.4671435],[7.1582566,51.4670111],[7.1579464,51.4668683],[7.157775,51.4667898],[7.1577287,51.4667681],[7.1576579,51.4667342]],[[7.1615663,51.4688603],[7.1614413,51.4687958],[7.1614088,51.4688102],[7.1612882,51.4687426],[7.1613177,51.46873],[7.1611456,51.4686374],[7.1611529,51.4686363],[7.1610172,51.4685654]],[[7.1619068,51.4694467],[7.1612,51.4690838],[7.1614116,51.4690047],[7.1615195,51.4688866],[7.1615295,51.4688773],[7.1615406,51.46887],[7.1615663,51.4688603]],[[7.1650523,51.4756557],[7.1658143,51.4744679],[7.1660265,51.4741385],[7.1659737,51.4740516],[7.165633,51.4739568],[7.1664477,51.472721],[7.1669007,51.4720341],[7.1665428,51.4718941],[7.1663742,51.4718127],[7.1659509,51.4716347],[7.1658446,51.47158],[7.1654055,51.471316],[7.1644909,51.4708902],[7.1643266,51.4708363],[7.1642795,51.4708147],[7.1633538,51.4704078],[7.1631719,51.4703049],[7.1629134,51.4701427],[7.1626373,51.470004],[7.162082,51.4696332],[7.1618541,51.4694689],[7.1618194,51.4694476],[7.1618504,51.4694384],[7.1618858,51.4694403],[7.1619068,51.4694467]],[[7.1716473,51.4793895],[7.1684504,51.4789574],[7.1541595,51.4754693],[7.1545887,51.4742765],[7.1544868,51.4734044],[7.1562999,51.4721213],[7.1613144,51.4734007],[7.1618608,51.4736099],[7.1628693,51.4740832],[7.1640958,51.4749464],[7.1650523,51.4756557]],[[7.1721473,51.4795872],[7.1716473,51.4793895]],[[7.173161,51.480332],[7.1725759,51.4797688],[7.1724609,51.4797114],[7.1721473,51.4795872]],[[7.1166329,51.4724825],[7.1166838,51.4722028],[7.1250776,51.4740341],[7.131069,51.4745631],[7.1433671,51.4745016],[7.1451846,51.4747076],[7.14498,51.4756173],[7.1450657,51.4757173],[7.1449748,51.4758545],[7.1439137,51.4756562],[7.1436394,51.4763203],[7.1433896,51.4765952],[7.1436415,51.4767223],[7.1438546,51.4768744],[7.1437379,51.4769186],[7.1410018,51.4776873],[7.1413281,51.478042],[7.1436695,51.4773915],[7.1446201,51.4769187],[7.1452346,51.4760484],[7.1456472,51.4761604],[7.1460109,51.4757073],[7.1463797,51.4748012],[7.1499697,51.4750825],[7.1581229,51.4766213],[7.164701,51.4786121],[7.1674651,51.479343],[7.173161,51.480332]],[[7.1166329,51.4724825],[7.1166241,51.4724772],[7.1150011,51.4720968],[7.1148352,51.4720521],[7.1148295,51.47206],[7.1146633,51.4720323],[7.1145514,51.4720189],[7.1141376,51.4719876],[7.114079,51.4719849],[7.1140847,51.4719678],[7.1140677,51.4719684]],[[7.1140677,51.4719684],[7.1140724,51.4719365],[7.1140763,51.4719046],[7.113972,51.4719041],[7.1137507,51.4718537],[7.1137705,51.4717142],[7.1137845,51.4716042],[7.1138019,51.4715238],[7.1138166,51.4714005],[7.1139035,51.4708223],[7.1139385,51.4706123],[7.1139045,51.4702644],[7.1138605,51.4701964],[7.1137661,51.4700525],[7.1135475,51.4697194]],[[7.1135475,51.4697194],[7.1134165,51.4696734],[7.1134405,51.4695784],[7.1134405,51.4694635],[7.1135315,51.4693145],[7.1136135,51.4691125],[7.1136445,51.4690405],[7.1135815,51.4689525],[7.1136755,51.4684906],[7.1138115,51.4678086],[7.1137885,51.4677167],[7.1137695,51.4675717],[7.1137745,51.4674767],[7.1137575,51.4673847],[7.1137445,51.4672517],[7.1137175,51.4671557],[7.1136455,51.4669497],[7.1135375,51.4666408],[7.1134615,51.4664308],[7.1134685,51.4661988],[7.1135005,51.4661108],[7.1135815,51.4658969],[7.1139225,51.4656639],[7.1138685,51.4655039],[7.1137255,51.4653669],[7.1136655,51.4653099],[7.1134785,51.465062],[7.1133995,51.464966],[7.1132756,51.464676],[7.1132268,51.4645812],[7.113083,51.4645374],[7.1129589,51.464499],[7.1127054,51.464338],[7.1125726,51.4642243],[7.1124237,51.464157],[7.112338,51.464076],[7.1123339,51.4639946],[7.1121493,51.4639376],[7.1120503,51.4638494],[7.1118595,51.4638312],[7.1116052,51.4638064],[7.1115252,51.4638381],[7.111248,51.4638584],[7.1110556,51.4637731],[7.110903,51.4636646],[7.1108399,51.4636161],[7.1107672,51.4635381],[7.1106673,51.463531],[7.110569,51.4635011],[7.1105765,51.4634951],[7.1105086,51.4634963],[7.1104294,51.463488],[7.1102728,51.4634428],[7.1101365,51.4633991],[7.1100103,51.4633461],[7.1098294,51.4632697],[7.1096236,51.4631818],[7.1094485,51.4630291],[7.1092117,51.4629121],[7.109029,51.4628101],[7.1088383,51.4626915],[7.1087817,51.4626048],[7.1082731,51.4624278],[7.1084519,51.462047],[7.1085226,51.4619022],[7.1084701,51.4617778],[7.1083755,51.4616555],[7.1083265,51.4615415],[7.1083499,51.4614251],[7.1083617,51.4613497]],[[7.1083617,51.4613497],[7.1086673,51.4609874],[7.1089008,51.4607178],[7.1092693,51.4604797],[7.1094545,51.4601498],[7.1094166,51.4598007],[7.1095557,51.4593792],[7.1100697,51.459527],[7.11067,51.4596796],[7.1112201,51.4598063],[7.1112808,51.4596559],[7.1120492,51.4598167],[7.1129318,51.4600057],[7.1129846,51.4599535],[7.1132036,51.4597325],[7.1145084,51.4584237],[7.1147044,51.4582297],[7.1154071,51.4564166]],[[7.1396247,51.4582479],[7.1398312,51.4578827],[7.1404105,51.4580064],[7.1405406,51.4578334],[7.140386,51.457791],[7.1409175,51.4571123],[7.1414298,51.4571925],[7.1418107,51.4568332],[7.1411911,51.4563619],[7.1412816,51.4557269],[7.136154,51.4524227],[7.1382762,51.4518086],[7.138594,51.451669],[7.139577,51.4521224],[7.1405856,51.4524571],[7.1408826,51.4520998],[7.1421922,51.4525244],[7.1425235,51.4522532],[7.1427206,51.4520125],[7.1425127,51.4508846],[7.1446722,51.4493115],[7.1448013,51.4490574],[7.1443507,51.4489728],[7.1442183,51.4490934],[7.1440295,51.4490112],[7.1439759,51.4490762],[7.1437707,51.4490244],[7.1436148,51.4491469],[7.1429204,51.4488852],[7.1434864,51.4482509],[7.1441688,51.4484905],[7.1445102,51.4480124],[7.1447165,51.4480585],[7.1453324,51.447352],[7.1489241,51.446779],[7.1498331,51.4469865],[7.1509811,51.4459434],[7.1490499,51.445375],[7.1484813,51.4460169],[7.1489205,51.4467715],[7.1453217,51.4473459],[7.1447115,51.4480455],[7.1445076,51.4479987],[7.1444607,51.4480547],[7.144163,51.4484726],[7.1434817,51.4482369],[7.1429023,51.4488871],[7.1436174,51.4491519],[7.1437786,51.4490331],[7.1439815,51.4490815],[7.1440299,51.4490213],[7.1442205,51.4490993],[7.1443561,51.4489795],[7.1447892,51.449058],[7.1446638,51.4493079],[7.1424937,51.4508823],[7.1427079,51.452002],[7.1425053,51.4522469],[7.1421821,51.4525076],[7.1408759,51.4520806],[7.1405809,51.4524466],[7.1395938,51.4521115],[7.1385933,51.451651],[7.1382661,51.4517981],[7.1361259,51.4524047],[7.1319498,51.4484819],[7.1223518,51.4570258],[7.1191288,51.4568432],[7.1154071,51.4564166]]]}},{"type":"Feature","properties":{"postal_code":"44869","note":"44869 Bochum","osm_id":2137605,"osm_type":"relation","boundary":"postal_code","dataConfidence":"osm-postal-boundary"},"geometry":{"type":"MultiLineString","coordinates":[[[7.1500328,51.4628696],[7.1501005,51.4628172],[7.1499489,51.4627578],[7.1501416,51.4625528],[7.1504179,51.4622771],[7.1482667,51.4616805],[7.1475895,51.4614582],[7.1474567,51.4616086],[7.1473508,51.461571],[7.1474768,51.4613989],[7.1473236,51.4613536],[7.1473421,51.4613307],[7.1474094,51.4612432],[7.1472576,51.4609168],[7.1471281,51.4608758],[7.1469042,51.4611349],[7.1452372,51.4605692],[7.1453987,51.4603881],[7.1450622,51.4602773],[7.1449593,51.4603965],[7.1441603,51.460076],[7.1443093,51.4599151],[7.1425818,51.4592322],[7.1424289,51.4594269],[7.1419837,51.459249],[7.142165,51.4590108],[7.1413493,51.4588228],[7.1411777,51.4590559],[7.1402349,51.4587961],[7.1402981,51.4586748],[7.1400387,51.4585965],[7.1401638,51.4583724],[7.1396247,51.4582479]],[[7.1509729,51.4633938],[7.1509365,51.463371],[7.1507914,51.4632939],[7.1507806,51.4632883],[7.1507736,51.4632824],[7.1507682,51.4632747],[7.1507659,51.4632695],[7.1506717,51.4632279],[7.1506606,51.4632242],[7.1504769,51.4631264],[7.1504031,51.4630825],[7.1501053,51.4629139],[7.1500328,51.4628696]],[[7.151862,51.4638147],[7.1521231,51.4635847],[7.1523167,51.462982],[7.1521833,51.462752],[7.1518474,51.4625874],[7.1509729,51.4633938]],[[7.151862,51.4638147],[7.1510686,51.4638111],[7.1498437,51.4631438],[7.1492033,51.4636961],[7.1503167,51.4643478],[7.151227,51.4640649],[7.1513532,51.4640855],[7.1519446,51.4643778],[7.1523477,51.4645639],[7.1521988,51.4647235],[7.1536748,51.4652647],[7.1538589,51.4655734],[7.1540724,51.4655884],[7.1541657,51.4653386],[7.1546522,51.4656525],[7.1544628,51.4658729],[7.155555,51.4662431],[7.1550531,51.466987],[7.1559454,51.4670302],[7.1569531,51.4673752],[7.1576579,51.4667342]],[[7.1610172,51.4685654],[7.1606927,51.4683958],[7.1606981,51.4683907],[7.1604056,51.4682329],[7.1604007,51.4682363],[7.1603561,51.468211],[7.1603547,51.468212],[7.1603346,51.4682011],[7.1603365,51.4681999],[7.1602625,51.4681594],[7.1602674,51.4681557],[7.1602216,51.4681318],[7.1602207,51.4681324],[7.1600876,51.4680608],[7.1600895,51.4680594],[7.1592837,51.4676234],[7.1590475,51.4674955],[7.1590043,51.4674679],[7.1588566,51.4673585],[7.1587693,51.4673011],[7.1585068,51.4671435],[7.1582566,51.4670111],[7.1579464,51.4668683],[7.157775,51.4667898],[7.1577287,51.4667681],[7.1576579,51.4667342]],[[7.1615663,51.4688603],[7.1614413,51.4687958],[7.1614088,51.4688102],[7.1612882,51.4687426],[7.1613177,51.46873],[7.1611456,51.4686374],[7.1611529,51.4686363],[7.1610172,51.4685654]],[[7.1615663,51.4688603],[7.168282,51.4662054],[7.1701128,51.465842]],[[7.1701128,51.465842],[7.1703181,51.4657879],[7.1704455,51.465757],[7.170974,51.465632],[7.1712399,51.4655739],[7.1715517,51.4655154]],[[7.1715517,51.4655154],[7.1719365,51.4654452],[7.1725707,51.4653444],[7.1739025,51.4652517],[7.1745639,51.4652662],[7.1745722,51.4653333],[7.1746154,51.4653401],[7.1746917,51.4653935],[7.1747072,51.4654125],[7.1747744,51.4653322],[7.1748165,51.4653182],[7.174929,51.4653254],[7.1749921,51.4653679],[7.175012,51.4653836],[7.1750412,51.4653039],[7.1752315,51.4652973],[7.1757113,51.4653457],[7.1757285,51.4653493],[7.1758703,51.4653674],[7.1758761,51.4652937],[7.1759715,51.4652965],[7.1761535,51.4653149],[7.177082,51.4653936],[7.1779692,51.4654822],[7.1792024,51.465691],[7.1792358,51.4657079],[7.1791857,51.4658257],[7.1792409,51.4657843],[7.179356,51.4657442],[7.1794362,51.4657353],[7.1797171,51.4657851],[7.1799153,51.4658313],[7.1800474,51.4658954],[7.1801018,51.4659556],[7.1801982,51.4659179],[7.1805455,51.4660122],[7.1806016,51.4659675],[7.1807176,51.4659436],[7.1809223,51.4659849],[7.1811253,51.4660408],[7.1812873,51.4657729]],[[7.1812873,51.4657729],[7.1813004,51.465719],[7.1812881,51.465674],[7.1811918,51.4655268],[7.1811138,51.4654892],[7.1809669,51.4654471],[7.1808767,51.4654292],[7.1808516,51.4654212],[7.1806737,51.4653439],[7.1806072,51.4653178],[7.1804793,51.4652806],[7.1800394,51.4651917],[7.1798547,51.4651416],[7.1797022,51.4650699],[7.1796417,51.465039],[7.1796282,51.4650369],[7.1795839,51.4649956],[7.1795637,51.4649694],[7.1795547,51.4649576],[7.1794995,51.4648591],[7.1794568,51.464749],[7.1794019,51.4647067],[7.1792924,51.4644038],[7.1791799,51.4640546],[7.1795979,51.4642702],[7.1798932,51.4644051],[7.1797306,51.4639107],[7.1796729,51.4635974],[7.1796486,51.4631156],[7.1797229,51.4612884],[7.179728,51.4608907],[7.179729,51.4606929],[7.1797404,51.4604921],[7.1797478,51.4602811],[7.1796191,51.4599364],[7.1794847,51.459593],[7.1798426,51.4595367],[7.1798705,51.4593628],[7.1800998,51.4593923],[7.1801421,51.459401],[7.1801926,51.4594173],[7.1802541,51.4594489],[7.1823768,51.4607783],[7.1826135,51.4608811],[7.1828734,51.4609142],[7.1850607,51.4610232],[7.1862764,51.4612783],[7.1861802,51.4610772],[7.1860861,51.4609564],[7.1860077,51.4609306],[7.1859878,51.460908],[7.1859942,51.4608765],[7.1858905,51.4607763],[7.1858341,51.4606604],[7.1858272,51.4606266]],[[7.1858272,51.4606266],[7.1858188,51.4605677],[7.185748,51.4604297],[7.1857244,51.4603054],[7.1857287,51.4602565],[7.1857115,51.4602214],[7.1857097,51.4601329],[7.1860017,51.4599642],[7.1860517,51.4599053],[7.185989,51.4596844],[7.1856771,51.4592353],[7.1856486,51.4591546],[7.1856918,51.4591055],[7.1854451,51.4589581],[7.1852131,51.4587436],[7.185126,51.4586067],[7.1850019,51.458524],[7.1849284,51.4584458],[7.1846265,51.4581702],[7.1844977,51.4580271]],[[7.1844977,51.4580271],[7.1841894,51.4580926],[7.1840841,51.4580139],[7.1840251,51.457729],[7.1839331,51.4568455],[7.1841406,51.4569121],[7.1843581,51.4569481],[7.1844318,51.4567329],[7.1844073,51.4566571],[7.1843114,51.4565859],[7.1842229,51.4564634],[7.1839408,51.4561736],[7.183776,51.4561181],[7.183462,51.45596],[7.1834307,51.4558625],[7.1834343,51.4557561],[7.1835366,51.4556714],[7.1832647,51.4555372],[7.1832304,51.4554815],[7.183087,51.4553912],[7.1829014,51.4552396],[7.1826933,51.4550462],[7.1823962,51.4546856],[7.182226,51.4545136],[7.1819464,51.4542847],[7.1816904,51.4541273],[7.1816838,51.4541163],[7.1815749,51.4541464],[7.1814603,51.4540044],[7.1813174,51.4539313],[7.1810654,51.4537595],[7.1815035,51.4534342],[7.1817304,51.4531526],[7.182309,51.4528515],[7.1824519,51.4529334],[7.1824873,51.4527447],[7.1827131,51.4522024],[7.1830626,51.4518698],[7.1830885,51.4517456],[7.1825882,51.4514404],[7.1825551,51.45141],[7.1823057,51.4515311],[7.1810178,51.4505194],[7.1813089,51.4502561],[7.1806323,51.4499262],[7.1805471,51.4499945],[7.1799383,51.4496778],[7.1791708,51.4502431],[7.1789745,51.4500376],[7.1785965,51.4500565],[7.1783313,51.4500314],[7.1781179,51.4499925],[7.1781199,51.4500368],[7.1780932,51.4500367],[7.1773605,51.4498031],[7.1772797,51.4497758],[7.1772612,51.4497699],[7.1770901,51.449716],[7.1768536,51.4495423],[7.1767757,51.4494415],[7.1767351,51.4494027],[7.1768538,51.4492482],[7.1768637,51.4492195],[7.1764966,51.4491046],[7.1751174,51.4486703],[7.1750063,51.4487768],[7.174827,51.4487051],[7.1743995,51.4488192],[7.1743594,51.4487716],[7.1749473,51.4486152],[7.1747623,51.4485595],[7.1746314,51.4484641],[7.1746645,51.448446],[7.174553,51.4480515],[7.1727042,51.4475541],[7.1718693,51.4474326],[7.1714868,51.4466408],[7.1731523,51.4459091],[7.1734089,51.4458111],[7.1736173,51.4459441],[7.173828,51.4456903],[7.1739833,51.4455961],[7.1741094,51.4454597],[7.1742033,51.4453407],[7.174512,51.4449295],[7.1748142,51.4444797]],[[7.1748142,51.4444797],[7.1744263,51.444384],[7.1745719,51.4441583]],[[7.1745719,51.4441583],[7.1745239,51.4441469],[7.1749274,51.4435524],[7.1744416,51.4433489],[7.174265,51.4432558],[7.1742365,51.4432471],[7.1742423,51.4432369],[7.1740897,51.4431904],[7.1740367,51.443185],[7.1737458,51.4430883]],[[7.1714467,51.4416174],[7.172567,51.4415297],[7.1741344,51.4418798],[7.1737458,51.4430883]],[[7.1714467,51.4416174],[7.1713431,51.4415286],[7.171034,51.4413138],[7.1710206,51.4412425],[7.1710803,51.4411683],[7.1714217,51.4408466],[7.1714293,51.44077],[7.1717756,51.4406367],[7.1723154,51.4404766],[7.1727514,51.4404084],[7.1725337,51.4398928],[7.1732663,51.4397566],[7.1736304,51.4397207],[7.1736981,51.4398927],[7.1751038,51.4401066],[7.1753651,51.4397004],[7.1755499,51.4393837],[7.1762514,51.439565],[7.1765573,51.4396503],[7.1765989,51.4396135],[7.1769067,51.4393194],[7.1772199,51.4391233],[7.1776654,51.4388724]],[[7.1776654,51.4388724],[7.1775345,51.4387657],[7.1775004,51.4386973],[7.1770003,51.4384657],[7.1764132,51.4381869],[7.1760844,51.4380559],[7.1755911,51.4378746],[7.1746714,51.437585],[7.1739535,51.437395],[7.173917,51.4373857],[7.1738174,51.4373603],[7.1735168,51.4372837],[7.1732358,51.4372408],[7.1729917,51.4371971],[7.1714556,51.4369094]],[[7.1714556,51.4369094],[7.1713993,51.4369458],[7.1713533,51.4369719],[7.1712709,51.4370382],[7.1711968,51.4370954],[7.171105,51.4371832],[7.1712518,51.4376428],[7.1710866,51.4381244],[7.1706821,51.4382391],[7.1707746,51.4383091],[7.1708503,51.4385041],[7.1703359,51.4389445],[7.1701615,51.4388469],[7.1698793,51.4390439],[7.1698199,51.4389679],[7.1696328,51.4390175],[7.1695672,51.4392168],[7.1695313,51.4392176],[7.1695075,51.4392218],[7.1693569,51.4392706],[7.1693194,51.4392958],[7.1693495,51.4394038],[7.1691008,51.4393807],[7.1688825,51.4394118],[7.168793,51.4395349],[7.1685543,51.4396183],[7.1683321,51.4397339],[7.1681965,51.4396768],[7.1685004,51.4402671],[7.1682039,51.4403057],[7.1682371,51.4404844],[7.168231,51.4409713],[7.1681346,51.4409208],[7.1677234,51.4410041]],[[7.1677234,51.4410041],[7.1676833,51.4410565],[7.1676558,51.4413664],[7.1677135,51.4417188],[7.1672956,51.4419491],[7.1671437,51.4424204],[7.1670073,51.4424837],[7.1667559,51.4425756],[7.1665996,51.4426667],[7.1661484,51.4429567]],[[7.1661484,51.4429567],[7.1660114,51.4428931],[7.1654167,51.4425195],[7.1646724,51.4427736],[7.1645902,51.4427816],[7.164525,51.4427879],[7.1644378,51.442594],[7.1642393,51.4423892],[7.1639081,51.4419587],[7.1636926,51.44179],[7.163449,51.4416289],[7.1634444,51.4416222],[7.1633272,51.4415399],[7.1630138,51.4413174]],[[7.1630138,51.4413174],[7.1628377,51.4415205],[7.1621256,51.4413321],[7.1618076,51.441368],[7.1616628,51.4413695],[7.1616244,51.441409],[7.1615209,51.4413797],[7.1614912,51.4414248],[7.1614495,51.441459],[7.1614015,51.4414764],[7.1613516,51.4414847],[7.1613083,51.4414819],[7.1612753,51.441581],[7.161045,51.4415229],[7.160968,51.4416184],[7.1609038,51.4416886],[7.1606951,51.4418792],[7.1605957,51.441926],[7.1604428,51.4421099],[7.1600378,51.4425346]],[[7.1600378,51.4425346],[7.1600155,51.4425547],[7.159908,51.4426078],[7.1598535,51.4426603],[7.159806,51.4427052],[7.1596827,51.4428224],[7.1588769,51.4424894],[7.1587377,51.4423941],[7.1583555,51.4423077],[7.1580467,51.4423056],[7.1579448,51.4423101],[7.1578062,51.4423109],[7.1577544,51.4423127],[7.1574828,51.4422433],[7.1569702,51.4422045],[7.1569047,51.4422015],[7.1559362,51.4418272],[7.155487,51.4418502],[7.1550353,51.4416103],[7.1550688,51.4415961],[7.1549995,51.4415157],[7.1546739,51.4414793],[7.1539866,51.4413402],[7.1536113,51.4414587],[7.152996,51.4416485],[7.1527774,51.4416977],[7.1522772,51.4416605],[7.1522641,51.4416595],[7.1520855,51.4417273],[7.1521401,51.4424873],[7.1519595,51.4430422],[7.151241,51.4431378],[7.1504038,51.4439815],[7.1500838,51.443851],[7.149764,51.4437119],[7.1488796,51.4432876],[7.1464866,51.4427365],[7.1465158,51.4426227],[7.1466755,51.4423674],[7.1461576,51.4422362],[7.1455953,51.442059],[7.1452975,51.4419763],[7.1450552,51.4419297],[7.1447924,51.4419132],[7.144687,51.4419209],[7.1444986,51.4419165],[7.1443455,51.4419121],[7.1440027,51.4418812],[7.1436585,51.4418283],[7.1433932,51.4417698],[7.1428446,51.4416],[7.1428598,51.441582],[7.1425536,51.4414668],[7.1424779,51.4414392],[7.1422976,51.4413732],[7.1420938,51.4412978],[7.142014,51.4414483],[7.1419929,51.4414692],[7.1419661,51.4414914],[7.1419262,51.4415541],[7.1418506,51.4415343],[7.1416063,51.4414754],[7.1415191,51.4416236],[7.1411971,51.4415307],[7.1408916,51.4414575],[7.1401056,51.4412484],[7.1398462,51.4414921],[7.1391287,51.4412707],[7.1391179,51.4412672],[7.1390034,51.4412309],[7.138968,51.4412198],[7.1387904,51.4412112],[7.1384924,51.4410996],[7.1384829,51.441096],[7.1384077,51.4410672],[7.1384733,51.4409794],[7.1384855,51.4409631],[7.1385297,51.4409052],[7.1381569,51.440802],[7.1382127,51.4407286],[7.1382867,51.4406317],[7.1383325,51.4405715],[7.1382513,51.4405723],[7.1382003,51.4405813],[7.1381661,51.440605],[7.1381299,51.4406213],[7.1380817,51.4406291],[7.1380353,51.4406283],[7.1380025,51.4406216],[7.1379647,51.4405994],[7.1379377,51.4405709],[7.1379295,51.4405293],[7.1379881,51.4404402],[7.1378988,51.4404107],[7.1357049,51.4398561]],[[7.1357049,51.4398561],[7.1356381,51.4398384],[7.1349764,51.4396849],[7.134914,51.4396712],[7.1346166,51.4396907],[7.1343172,51.4396794],[7.1342844,51.4396424],[7.1344554,51.4395243],[7.1342946,51.4394998],[7.1342321,51.4394735],[7.133593,51.4393382],[7.1334506,51.4392697],[7.1333225,51.4391659],[7.133271,51.4389937],[7.1331109,51.4391909],[7.13271,51.4394649],[7.1326705,51.4394919]],[[7.1286105,51.446982],[7.1287058,51.4468818],[7.1289512,51.4466226],[7.1286224,51.4463483],[7.1285306,51.4462911],[7.1284722,51.4462074],[7.1283202,51.4461543],[7.1282477,51.4460853],[7.1289436,51.4455536],[7.1281961,51.4451281],[7.1294235,51.444243],[7.1294414,51.444253],[7.1298183,51.4440212],[7.1301959,51.4442671],[7.1312999,51.4438173],[7.1318174,51.4435038],[7.1310054,51.4430089],[7.1309595,51.4428884],[7.130909,51.4427558],[7.131251,51.4427256],[7.1317792,51.442679],[7.1322916,51.4423261],[7.1329037,51.4419976],[7.1332205,51.4420533],[7.1332276,51.4420545],[7.1338796,51.4421689],[7.1338879,51.4421569],[7.133534,51.4418759],[7.1337344,51.4415252],[7.133711,51.4414132],[7.1329588,51.4412674],[7.132931,51.44119],[7.1331789,51.4408426],[7.1331216,51.4408274],[7.1331559,51.4407849],[7.1327386,51.440673],[7.1323407,51.440533],[7.1328019,51.4401621],[7.1326461,51.4401038],[7.1327871,51.4397976],[7.1324758,51.4396785],[7.1326705,51.4394919]],[[7.1154071,51.4564166],[7.1154342,51.4563373],[7.1156948,51.4563717],[7.1157842,51.455918],[7.1160332,51.4549371],[7.1162781,51.4549871],[7.11699,51.4551321],[7.1178069,51.4552881],[7.1179859,51.4553111],[7.1183774,51.4553517],[7.1188503,51.4553369],[7.1197269,51.4551294],[7.1206715,51.4549688],[7.1213692,51.4549501],[7.1219963,51.4538772],[7.1224072,51.4532243],[7.1224472,51.4531633],[7.1226102,51.4529423],[7.1229751,51.4524464],[7.1230401,51.4523934],[7.124047,51.4515805],[7.1249209,51.4508786],[7.1250388,51.4508746],[7.1256008,51.4503486],[7.1263007,51.4496957],[7.1264106,51.4495587],[7.1280004,51.4476191],[7.1280764,51.4474909],[7.1286105,51.446982]],[[7.1396247,51.4582479],[7.1398312,51.4578827],[7.1404105,51.4580064],[7.1405406,51.4578334],[7.140386,51.457791],[7.1409175,51.4571123],[7.1414298,51.4571925],[7.1418107,51.4568332],[7.1411911,51.4563619],[7.1412816,51.4557269],[7.136154,51.4524227],[7.1382762,51.4518086],[7.138594,51.451669],[7.139577,51.4521224],[7.1405856,51.4524571],[7.1408826,51.4520998],[7.1421922,51.4525244],[7.1425235,51.4522532],[7.1427206,51.4520125],[7.1425127,51.4508846],[7.1446722,51.4493115],[7.1448013,51.4490574],[7.1443507,51.4489728],[7.1442183,51.4490934],[7.1440295,51.4490112],[7.1439759,51.4490762],[7.1437707,51.4490244],[7.1436148,51.4491469],[7.1429204,51.4488852],[7.1434864,51.4482509],[7.1441688,51.4484905],[7.1445102,51.4480124],[7.1447165,51.4480585],[7.1453324,51.447352],[7.1489241,51.446779],[7.1498331,51.4469865],[7.1509811,51.4459434],[7.1490499,51.445375],[7.1484813,51.4460169],[7.1489205,51.4467715],[7.1453217,51.4473459],[7.1447115,51.4480455],[7.1445076,51.4479987],[7.1444607,51.4480547],[7.144163,51.4484726],[7.1434817,51.4482369],[7.1429023,51.4488871],[7.1436174,51.4491519],[7.1437786,51.4490331],[7.1439815,51.4490815],[7.1440299,51.4490213],[7.1442205,51.4490993],[7.1443561,51.4489795],[7.1447892,51.449058],[7.1446638,51.4493079],[7.1424937,51.4508823],[7.1427079,51.452002],[7.1425053,51.4522469],[7.1421821,51.4525076],[7.1408759,51.4520806],[7.1405809,51.4524466],[7.1395938,51.4521115],[7.1385933,51.451651],[7.1382661,51.4517981],[7.1361259,51.4524047],[7.1319498,51.4484819],[7.1223518,51.4570258],[7.1191288,51.4568432],[7.1154071,51.4564166]]]}}]}